,GPT-3 term,seed for prompt,Seed of GPT-3 term in RedMed,RedMed term inside GPT-3 term,Google,Google added token,Google depth
0,dimethyltryptophan,dimethyltryptamine,False,False,True,,2
1,dmt,dimethyltryptamine,False,False,True,,2
2,"n,n-dimethyltryptamine",dimethyltryptamine,False,False,True,,2
3,dmt,dimethyltryptamine,False,False,True,,2
4,"n,n-dimethyltryptamine",dimethyltryptamine,False,False,True,,2
5,dimethyl-tryptamine,dimethyltryptamine,False,False,True,,1
6,dimethyltryptamine,dimethyltryptamine,dimethyltryptamine,True,True,,1
7,dimethyltryptamine,dimethyltryptamine,dimethyltryptamine,True,True,,1
8,trimethyltryptamine,dimethyltryptamine,False,False,False,,-1
9,dmt,dimethyltryptamine,False,False,True,,2
10,dimethyltryptamine,dimethyltryptamine,dimethyltryptamine,True,True,,1
11,dimethyl-tryptamine,dimethyltryptamine,False,False,True,,1
12,tryptamine,dimethyltryptamine,False,False,False,,-1
13,tryptamine,dimethyltryptamine,False,False,False,,-1
14,tryptamine,dimethyltryptamine,False,False,False,,-1
15,tryptamine,dimethyltryptamine,False,False,False,,-1
16,dimethyl-tryptamine,dimethyltryptamine,False,False,True,,1
17,dimethylpropranolol,dimethyltryptamine,False,False,False,,-1
18,dimethyltetrahydrodesoxyepinephrine,dimethyltryptamine,False,False,False,,-1
19,dimethyltrp,dimethyltryptamine,False,False,False,,-1
20,tryptah-mab-in,dimethyltryptamine,False,False,False,,-1
21,tryptamines,dimethyltryptamine,False,False,True,,10
22,dmt,dimethyltryptamine,False,False,True,,2
23,dmt,dimethyltryptamine,False,False,True,,2
24,tryptamine,dimethyltryptamine,False,False,False,,-1
25,dmt,dimethyltryptamine,False,False,True,,2
26,"n,n-dimethyltryptamine",dimethyltryptamine,False,False,True,,2
27,dmt,dimethyltryptamine,False,False,True,,2
28,dimethyl_tryptamine,dimethyltryptamine,False,False,True,,2
29,dmt,dimethyltryptamine,False,False,True,,2
30,dimethyltryptamine_hydrochloride,dimethyltryptamine,False,True,True,,1
31,dimethyltryptamine_sulfate,dimethyltryptamine,False,True,True,,6
32,serotonin_dimethyl_ester,dimethyltryptamine,False,False,False,,-1
33,tryptamine_dimethyl_ester,dimethyltryptamine,False,False,False,,-1
34,dmt,dimethyltryptamine,False,False,True,,2
35,dmt,dimethyltryptamine,False,False,True,,2
36,tryptamine,dimethyltryptamine,False,False,False,,-1
37,dimethyl-tryptamine,dimethyltryptamine,False,False,True,,1
38,tryptamine,dimethyltryptamine,False,False,False,,-1
39,dmt,dimethyltryptamine,False,False,True,,2
40,dimethyltryptamine,dimethyltryptamine,dimethyltryptamine,True,True,,1
41,dimethyltryptophan,dimethyltryptamine,False,False,True,,2
42,dimethyltryptamine,dimethyltryptamine,dimethyltryptamine,True,True,,1
43,dimethylthymidine,dimethyltryptamine,False,False,False,,-1
44,tryptamine,dimethyltryptamine,False,False,False,,-1
45,serotonin,dimethyltryptamine,serotonin,False,True,,6
46,tryptophan,dimethyltryptamine,d-tryptophan,False,False,,-1
47,dimethyltryptamine_hydrochloride,dimethyltryptamine,False,True,True,,1
48,dimethyltryptamine_sulfate,dimethyltryptamine,False,True,True,,6
49,dimethyltryptamine_phosphate,dimethyltryptamine,False,True,False,,-1
50,dimethyl-tryptamine,dimethyltryptamine,False,False,True,,1
51,dmt,dimethyltryptamine,False,False,True,,2
52,tryptamine,dimethyltryptamine,False,False,False,,-1
53,dmta,dimethyltryptamine,False,False,False,,-1
54,tryptamine,dimethyltryptamine,False,False,False,,-1
55,dmts,dimethyltryptamine,False,False,True, pill,5
56,dmt,dimethyltryptamine,False,False,True,,2
57,dimitri,dimethyltryptamine,False,False,True, pill,1
58,dimethyltryptamine_hydrochloride,dimethyltryptamine,False,True,True,,1
59,"n,n-dimethyltryptamine",dimethyltryptamine,False,False,True,,2
60,dimethyl_tryptamine,dimethyltryptamine,False,False,True,,2
61,dmt,dimethyltryptamine,False,False,True,,2
62,dmt,dimethyltryptamine,False,False,True,,2
63,"n,n-dimethyltryptamine",dimethyltryptamine,False,False,True,,2
64,dimethyl-tryptamine,dimethyltryptamine,False,False,True,,1
65,dimethyl_tryptamine,dimethyltryptamine,False,False,True,,2
66,"n,n-dimethyltryptamine",dimethyltryptamine,False,False,True,,2
67,dimethyltryptamines,dimethyltryptamine,dimethyltryptamine,True,True,,6
68,serotonin,dimethyltryptamine,serotonin,False,True,,6
69,tryptamine,dimethyltryptamine,False,False,False,,-1
70,dimethyl-tryptamine,dimethyltryptamine,False,False,True,,1
71,dimethyl_tryptamine,dimethyltryptamine,False,False,True,,2
72,tryptamines,dimethyltryptamine,False,False,True,,10
73,tryptamine,dimethyltryptamine,False,False,False,,-1
74,tryptamines,dimethyltryptamine,False,False,True,,10
75,tryptamine,dimethyltryptamine,False,False,False,,-1
76,dimethyl_tryptamines,dimethyltryptamine,False,False,True,,7
77,"n,n-dimethyl_tryptamine",dimethyltryptamine,False,False,True, pill,9
78,dmt,dimethyltryptamine,False,False,True,,2
79,dmt,dimethyltryptamine,False,False,True,,2
80,"n,n-dimethyltryptamine",dimethyltryptamine,False,False,True,,2
81,ayahuasca,dimethyltryptamine,False,False,False,,-1
82,dimethyltripamine,dimethyltryptamine,False,False,True,,6
83,dinethyltrptamine,dimethyltryptamine,False,False,False,,-1
84,dmt,dimethyltryptamine,False,False,True,,2
85,"n,n-dimethyltryptamine",dimethyltryptamine,False,False,True,,2
86,dimethyl_tryptamine,dimethyltryptamine,False,False,True,,2
87,dimethyl_tryptamine,dimethyltryptamine,False,False,True,,2
88,dmt,dimethyltryptamine,False,False,True,,2
89,tryptamine,dimethyltryptamine,False,False,False,,-1
90,dmt,dimethyltryptamine,False,False,True,,2
91,"n,n-dimethyltryptamine",dimethyltryptamine,False,False,True,,2
92,dimethyl-tryptamine,dimethyltryptamine,False,False,True,,1
93,dimethyltryptamine_hydrochloride,dimethyltryptamine,False,True,True,,1
94,"n,n-dimethyltryptamine",dimethyltryptamine,False,False,True,,2
95,dimethyl_tryptamines,dimethyltryptamine,False,False,True,,7
96,tryptamine_methylated,dimethyltryptamine,False,False,True,,6
97,dmt,dimethyltryptamine,False,False,True,,2
98,dmt,dimethyltryptamine,False,False,True,,2
99,"n,n-dimethyl-tryptamine",dimethyltryptamine,False,False,True, pill,9
100,dmt,dimethyltryptamine,False,False,True,,2
101,dmt,dimethyltryptamine,False,False,True,,2
102,tryptamines,dimethyltryptamine,False,False,True,,10
103,dmt,dimethyltryptamine,False,False,True,,2
104,dmt,dimethyltryptamine,False,False,True,,2
105,dmte,dimethyltryptamine,False,False,False,,-1
106,dmth,dimethyltryptamine,False,False,True, drug,5
107,dimethyltryptam,dimethyltryptamine,False,False,True,,2
108,dmt,dimethyltryptamine,False,False,True,,2
109,dimethyltryptamine,dimethyltryptamine,dimethyltryptamine,True,True,,1
110,dimitryptamine,dimethyltryptamine,False,False,False,,-1
111,"n,n-dimethyltryptamine",dimethyltryptamine,False,False,True,,2
112,dmt,dimethyltryptamine,False,False,True,,2
113,"n,n-dimethyltryptamine",dimethyltryptamine,False,False,True,,2
114,dmt,dimethyltryptamine,False,False,True,,2
115,tryptamine,dimethyltryptamine,False,False,False,,-1
116,serotonin,dimethyltryptamine,serotonin,False,True,,6
117,dimethyl-tryptamine,dimethyltryptamine,False,False,True,,1
118,dmt,dimethyltryptamine,False,False,True,,2
119,dmt,dimethyltryptamine,False,False,True,,2
120,dimethyl_tryptamine,dimethyltryptamine,False,False,True,,2
121,dmt,dimethyltryptamine,False,False,True,,2
122,dmt,dimethyltryptamine,False,False,True,,2
123,dmt,dimethyltryptamine,False,False,True,,2
124,dimethytryptamin,dimethyltryptamine,False,False,True, slang,6
125,dimethyltryptides,dimethyltryptamine,False,False,False,,-1
126,dimethytrypta,dimethyltryptamine,False,False,False,,-1
127,dimethyltrypte,dimethyltryptamine,False,False,False,,-1
128,dimethytrypti,dimethyltryptamine,False,False,False,,-1
129,dimethyltryp,dimethyltryptamine,False,False,True,,5
130,dmt,dimethyltryptamine,False,False,True,,2
131,"n,n-dimethyltryptamine",dimethyltryptamine,False,False,True,,2
132,dmt,dimethyltryptamine,False,False,True,,2
133,dimethyl-tryptamine,dimethyltryptamine,False,False,True,,1
134,dmt,dimethyltryptamine,False,False,True,,2
135,dimethyltrptamine,dimethyltryptamine,dimethyltryptamine,True,True, pill,1
136,tryptamine,dimethyltryptamine,False,False,False,,-1
137,dmt,dimethyltryptamine,False,False,True,,2
138,dmt,dimethyltryptamine,False,False,True,,2
139,dimethyl-tryptamine,dimethyltryptamine,False,False,True,,1
140,tryptamine,dimethyltryptamine,False,False,False,,-1
141,dimethyl-tryptamine,dimethyltryptamine,False,False,True,,1
142,dmt,dimethyltryptamine,False,False,True,,2
143,dmt,dimethyltryptamine,False,False,True,,2
144,"n,n-dimethyltryptamine",dimethyltryptamine,False,False,True,,2
145,dmt,dimethyltryptamine,False,False,True,,2
146,"n,n-dimethyltryptamine",dimethyltryptamine,False,False,True,,2
147,dimethyltryptophane,dimethyltryptamine,False,False,True, pill,8
148,tryptamines,dimethyltryptamine,False,False,True,,10
149,tryptamines,dimethyltryptamine,False,False,True,,10
150,"n,n-dimethyltryptamine",dimethyltryptamine,False,False,True,,2
151,dimethyl-tryptamine,dimethyltryptamine,False,False,True,,1
152,tryptamine,dimethyltryptamine,False,False,False,,-1
153,dimethyl-tryptamine,dimethyltryptamine,False,False,True,,1
154,dmt,dimethyltryptamine,False,False,True,,2
155,dimethyltryptamine,dimethyltryptamine,dimethyltryptamine,True,True,,1
156,dmt,dimethyltryptamine,False,False,True,,2
157,"n,n-dimethyltryptamine",dimethyltryptamine,False,False,True,,2
158,dmt,dimethyltryptamine,False,False,True,,2
159,dimethyl-tryptamine,dimethyltryptamine,False,False,True,,1
160,"5-methoxy-n,n-dimethyltryptamine",dimethyltryptamine,False,False,True,,4
161,3-[2-(dimethylamino)ethyl]-1h-indol-5-ol,dimethyltryptamine,False,False,False,,-1
162,"n,n-dimethyltryptamine",dimethyltryptamine,False,False,True,,2
163,dmt,dimethyltryptamine,False,False,True,,2
164,dimethtryptamine,dimethyltryptamine,False,False,False,,-1
165,tryptamines,dimethyltryptamine,False,False,True,,10
166,dimethyltryptamine_hydrochloride,dimethyltryptamine,False,True,True,,1
167,dimethyltryptophan,dimethyltryptamine,False,False,True,,2
168,dimethylpyrollidine,dimethyltryptamine,False,False,False,,-1
169,dimethylthiamylamine,dimethyltryptamine,False,False,False,,-1
170,dimethyltryptamine,dimethyltryptamine,dimethyltryptamine,True,True,,1
171,dimethyltryptamine,dimethyltryptamine,dimethyltryptamine,True,True,,1
172,tryptamine,dimethyltryptamine,False,False,False,,-1
173,dimethyl-tryptamine,dimethyltryptamine,False,False,True,,1
174,dimethyl_tryptamine,dimethyltryptamine,False,False,True,,2
175,dmt,dimethyltryptamine,False,False,True,,2
176,"n,n-dimethyltryptamine",dimethyltryptamine,False,False,True,,2
177,dimethylryptamine,dimethyltryptamine,False,False,False,,-1
178,tryptamine,dimethyltryptamine,False,False,False,,-1
179,tryptamine,dimethyltryptamine,False,False,False,,-1
180,dimethyl-tryptamine,dimethyltryptamine,False,False,True,,1
181,"n,n-dimethyltryptamine",dimethyltryptamine,False,False,True,,2
182,dimethyltrp,dimethyltryptamine,False,False,False,,-1
183,dimethylriptamine,dimethyltryptamine,False,False,False,,-1
184,dimethylriptomine,dimethyltryptamine,False,False,False,,-1
185,dimethyl_amine,dimethyltryptamine,False,False,False,,-1
186,dmt,dimethyltryptamine,False,False,True,,2
187,"n,n-dimethyltryptamine",dimethyltryptamine,False,False,True,,2
188,tryptamine,dimethyltryptamine,False,False,False,,-1
189,dmt,dimethyltryptamine,False,False,True,,2
190,"n,n-dimethyltryptamine",dimethyltryptamine,False,False,True,,2
191,tryptamine,dimethyltryptamine,False,False,False,,-1
192,"n,_n-dimethyltryptamine",dimethyltryptamine,False,False,True, slang,1
193,"n,_n-dimethyl-tryptamine",dimethyltryptamine,False,False,True, pill,9
194,dimethyltryptamine,dimethyltryptamine,dimethyltryptamine,True,True,,1
195,dimethyltryptamine,dimethyltryptamine,dimethyltryptamine,True,True,,1
196,dimethyltryptamine,dimethyltryptamine,dimethyltryptamine,True,True,,1
197,dimethyl-tryptamine,dimethyltryptamine,False,False,True,,1
198,dimethyl_tryptamine,dimethyltryptamine,False,False,True,,2
199,dmt,dimethyltryptamine,False,False,True,,2
200,dmt,dimethyltryptamine,False,False,True,,2
201,tryptamine,dimethyltryptamine,False,False,False,,-1
202,dimethyl-tryptamine,dimethyltryptamine,False,False,True,,1
203,dmt,dimethyltryptamine,False,False,True,,2
204,dmt,dimethyltryptamine,False,False,True,,2
205,dimethylthryptamine,dimethyltryptamine,False,False,False,,-1
206,dimethyl_tryptamine,dimethyltryptamine,False,False,True,,2
207,"n,n-dimethyltryptamine",dimethyltryptamine,False,False,True,,2
208,dmt,dimethyltryptamine,False,False,True,,2
209,dimethyltryptamine,dimethyltryptamine,dimethyltryptamine,True,True,,1
210,dmt,dimethyltryptamine,False,False,True,,2
211,dimitri,dimethyltryptamine,False,False,True, pill,1
212,dmt,dimethyltryptamine,False,False,True,,2
213,"n,n-dimethyltryptamine",dimethyltryptamine,False,False,True,,2
214,dimethyltryptophane,dimethyltryptamine,False,False,True, pill,8
215,dimethyltryptomine,dimethyltryptamine,dimethyltryptamine,True,True,,6
216,dmt,dimethyltryptamine,False,False,True,,2
217,dmta,dimethyltryptamine,False,False,False,,-1
218,dmt,dimethyltryptamine,False,False,True,,2
219,tryptamine,dimethyltryptamine,False,False,False,,-1
220,dimethylindoles,dimethyltryptamine,False,False,False,,-1
221,tryptamines,dimethyltryptamine,False,False,True,,10
222,dmt,dimethyltryptamine,False,False,True,,2
223,dimethyltyptamine,dimethyltryptamine,False,False,True,,2
224,dimethyl-tryptamine,dimethyltryptamine,False,False,True,,1
225,dimethyl-tryptamine,dimethyltryptamine,False,False,True,,1
226,dmt,dimethyltryptamine,False,False,True,,2
227,dmt,dimethyltryptamine,False,False,True,,2
228,dimethyl_tryptamine,dimethyltryptamine,False,False,True,,2
229,dmt,dimethyltryptamine,False,False,True,,2
230,des,dimethyltryptamine,diethylstilbestrol,False,False,,-1
231,dmt,dimethyltryptamine,False,False,True,,2
232,dimethyl-tryptamine,dimethyltryptamine,False,False,True,,1
233,dimethyltryptamine,dimethyltryptamine,dimethyltryptamine,True,True,,1
234,dimethyl_tryptamine,dimethyltryptamine,False,False,True,,2
235,dimethyltryptan,dimethyltryptamine,False,False,True, pill,8
236,dimethyltrpamine,dimethyltryptamine,False,False,False,,-1
237,dimethyltryptin,dimethyltryptamine,False,False,False,,-1
238,dimethyl-tryptamine,dimethyltryptamine,False,False,True,,1
239,dmt,dimethyltryptamine,False,False,True,,2
240,tryptamine,dimethyltryptamine,False,False,False,,-1
241,tryptamine,dimethyltryptamine,False,False,False,,-1
242,tryptamine,dimethyltryptamine,False,False,False,,-1
243,"n,n-dimethyltryptamine",dimethyltryptamine,False,False,True,,2
244,tryptamine,dimethyltryptamine,False,False,False,,-1
245,dmt,dimethyltryptamine,False,False,True,,2
246,"n,n-dimethyltryptamine",dimethyltryptamine,False,False,True,,2
247,dmt,dimethyltryptamine,False,False,True,,2
248,"n,n-dimethyltryptamine",dimethyltryptamine,False,False,True,,2
249,dmt,dimethyltryptamine,False,False,True,,2
250,dimethyl-tryptamine,dimethyltryptamine,False,False,True,,1
251,"n,n-dimethyltryptamine",dimethyltryptamine,False,False,True,,2
252,dimethyltrptamine,dimethyltryptamine,dimethyltryptamine,True,True, pill,1
253,tryptamine,dimethyltryptamine,False,False,False,,-1
254,dimethyltryptophan,dimethyltryptamine,False,False,True,,2
255,dimethylthiamin,dimethyltryptamine,False,False,False,,-1
256,dimethylthiophene,dimethyltryptamine,False,False,False,,-1
257,dimethylthiazine,dimethyltryptamine,False,False,False,,-1
258,dimethylthiazol,dimethyltryptamine,False,False,False,,-1
259,dimethylthiazoline,dimethyltryptamine,False,False,False,,-1
260,dimetiltryptamine,dimethyltryptamine,False,False,True,,8
261,dimethyltrpthamine,dimethyltryptamine,False,False,False,,-1
262,dmt,dimethyltryptamine,False,False,True,,2
263,dimitri,dimethyltryptamine,False,False,True, pill,1
264,dimethyl-tryptamine,dimethyltryptamine,False,False,True,,1
265,dmt,dimethyltryptamine,False,False,True,,2
266,dimethyltrptamines,dimethyltryptamine,False,False,False,,-1
267,dimethyltryptophane,dimethyltryptamine,False,False,True, pill,8
268,tryptamine,dimethyltryptamine,False,False,False,,-1
269,dmt,dimethyltryptamine,False,False,True,,2
270,dimethyltryptamine,dimethyltryptamine,dimethyltryptamine,True,True,,1
271,dimethyltryptamine,dimethyltryptamine,dimethyltryptamine,True,True,,1
272,tryptamines,dimethyltryptamine,False,False,True,,10
273,tryptamine,dimethyltryptamine,False,False,False,,-1
274,dmt,dimethyltryptamine,False,False,True,,2
275,"n,n-dimethyltryptamine",dimethyltryptamine,False,False,True,,2
276,diemethyltrpamine,dimethyltryptamine,False,False,False,,-1
277,trimethyltryptamine,dimethyltryptamine,False,False,False,,-1
278,dimethyltryptamides,dimethyltryptamine,False,False,True,,5
279,dimethyltryptan,dimethyltryptamine,False,False,True, pill,8
280,dimethyltryptanes,dimethyltryptamine,False,False,False,,-1
281,dimethyltryptans,dimethyltryptamine,False,False,False,,-1
282,dimetiltryptamine,dimethyltryptamine,False,False,True,,8
283,dimethyltrpamine,dimethyltryptamine,False,False,False,,-1
284,dimethyltryptophan,dimethyltryptamine,False,False,True,,2
285,dimethyltryptamene,dimethyltryptamine,False,False,False,,-1
286,dimethyl_tryptamine,dimethyltryptamine,False,False,True,,2
287,tryptamines,dimethyltryptamine,False,False,True,,10
288,dimethyltrptamines,dimethyltryptamine,False,False,False,,-1
289,dmt,dimethyltryptamine,False,False,True,,2
290,dimethyl-tryptamine,dimethyltryptamine,False,False,True,,1
291,tryptamine,dimethyltryptamine,False,False,False,,-1
292,"n,n-dimethyl_tryptamine",dimethyltryptamine,False,False,True, pill,9
293,dmt,dimethyltryptamine,False,False,True,,2
294,tryptamines,dimethyltryptamine,False,False,True,,10
295,tryptamine,dimethyltryptamine,False,False,False,,-1
296,dimethylprotorphan,dimethyltryptamine,False,False,False,,-1
297,tryptamine,dimethyltryptamine,False,False,False,,-1
298,dimethyltryptamines,dimethyltryptamine,dimethyltryptamine,True,True,,6
299,tryptamine,dimethyltryptamine,False,False,False,,-1
300,dimethyltyptamine,dimethyltryptamine,False,False,True,,2
301,dimethyltrptamine,dimethyltryptamine,dimethyltryptamine,True,True, pill,1
302,tryptamine,dimethyltryptamine,False,False,False,,-1
303,dimethyltryptamine,dimethyltryptamine,dimethyltryptamine,True,True,,1
304,dimethyltryptophan,dimethyltryptamine,False,False,True,,2
305,dimethyltryptamine_hydrochloride,dimethyltryptamine,False,True,True,,1
306,monomethyl_tryptamine,dimethyltryptamine,False,False,True,,4
307,tryptamine,dimethyltryptamine,False,False,False,,-1
308,tryptamines,dimethyltryptamine,False,False,True,,10
309,dimethyltryptamine,dimethyltryptamine,dimethyltryptamine,True,True,,1
310,dimethyl-d-tryptamine,dimethyltryptamine,False,False,True,,9
311,dimethyltryptophan,dimethyltryptamine,False,False,True,,2
312,tryptamine,dimethyltryptamine,False,False,False,,-1
313,dmt,dimethyltryptamine,False,False,True,,2
314,tryptamine,dimethyltryptamine,False,False,False,,-1
315,tryptamine,dimethyltryptamine,False,False,False,,-1
316,dimethyl_tryptamine,dimethyltryptamine,False,False,True,,2
317,tryptamine,dimethyltryptamine,False,False,False,,-1
318,tryptamine,dimethyltryptamine,False,False,False,,-1
319,dmt,dimethyltryptamine,False,False,True,,2
320,dmt,dimethyltryptamine,False,False,True,,2
321,dmt,dimethyltryptamine,False,False,True,,2
322,"n,n-dimethyltryptamine",dimethyltryptamine,False,False,True,,2
323,dmt,dimethyltryptamine,False,False,True,,2
324,dmt,dimethyltryptamine,False,False,True,,2
325,dimethyltryptopherine,dimethyltryptamine,False,False,False,,-1
326,dimethyltryptophan,dimethyltryptamine,False,False,True,,2
327,dimethyl-tryptamine_,dimethyltryptamine,False,False,True,,2
328,dmt,dimethyltryptamine,False,False,True,,2
329,dimethylglycines,dimethyltryptamine,False,False,False,,-1
330,dimethylglycine,dimethyltryptamine,"n,n-dimethylglycine",False,False,,-1
331,dmt,dimethyltryptamine,False,False,True,,2
332,dmt,dimethyltryptamine,False,False,True,,2
333,tryptamine,dimethyltryptamine,False,False,False,,-1
334,dmt,dimethyltryptamine,False,False,True,,2
335,dimethyltrpamine,dimethyltryptamine,False,False,False,,-1
336,dmt,dimethyltryptamine,False,False,True,,2
337,dimethyltryptamine,dimethyltryptamine,dimethyltryptamine,True,True,,1
338,dimethyl_tryptamine,dimethyltryptamine,False,False,True,,2
339,dmt,dimethyltryptamine,False,False,True,,2
340,tryptamine,dimethyltryptamine,False,False,False,,-1
341,dimethyltryptophan,dimethyltryptamine,False,False,True,,2
342,dimethylthryptamine,dimethyltryptamine,False,False,False,,-1
343,dimethyltryptamine_hydrochloride,dimethyltryptamine,False,True,True,,1
344,dmt,dimethyltryptamine,False,False,True,,2
345,dimethyl_tryptamine,dimethyltryptamine,False,False,True,,2
346,dimethyltryptamines,dimethyltryptamine,dimethyltryptamine,True,True,,6
347,dmt,dimethyltryptamine,False,False,True,,2
348,tryptamine,dimethyltryptamine,False,False,False,,-1
349,tryptamine,dimethyltryptamine,False,False,False,,-1
350,dimethyl-tryptamine,dimethyltryptamine,False,False,True,,1
351,dmt,dimethyltryptamine,False,False,True,,2
352,dimethyl_tryptamine,dimethyltryptamine,False,False,True,,2
353,dmt,dimethyltryptamine,False,False,True,,2
354,"n,n-dimethyltryptamine",dimethyltryptamine,False,False,True,,2
355,dmt,dimethyltryptamine,False,False,True,,2
356,dmt,dimethyltryptamine,False,False,True,,2
357,dmt,dimethyltryptamine,False,False,True,,2
358,"n,n-dimethyltryptamine",dimethyltryptamine,False,False,True,,2
359,tryptamine,dimethyltryptamine,False,False,False,,-1
360,dmt,dimethyltryptamine,False,False,True,,2
361,"n,n-dimethyltryptamine",dimethyltryptamine,False,False,True,,2
362,dimethyltryptamine,dimethyltryptamine,dimethyltryptamine,True,True,,1
363,dmt,dimethyltryptamine,False,False,True,,2
364,tryptamine,dimethyltryptamine,False,False,False,,-1
365,tryptamine,dimethyltryptamine,False,False,False,,-1
366,dimethylthryptamine,dimethyltryptamine,False,False,False,,-1
367,dimethyltryptaermine,dimethyltryptamine,False,False,False,,-1
368,dmt,dimethyltryptamine,False,False,True,,2
369,tryptamine,dimethyltryptamine,False,False,False,,-1
370,tryptamine,dimethyltryptamine,False,False,False,,-1
371,serotonin,dimethyltryptamine,serotonin,False,True,,6
372,tryptamines,dimethyltryptamine,False,False,True,,10
373,tryptamine,dimethyltryptamine,False,False,False,,-1
374,dimethyltriptamine,dimethyltryptamine,dimethyltryptamine,True,True, pill,2
375,dimethyl-tryptamine,dimethyltryptamine,False,False,True,,1
376,dmt,dimethyltryptamine,False,False,True,,2
377,"n,n-dimethyltryptamine",dimethyltryptamine,False,False,True,,2
378,dmt,dimethyltryptamine,False,False,True,,2
379,dimethyltriptamin,dimethyltryptamine,False,False,False,,-1
380,dimethyltyptamine,dimethyltryptamine,False,False,True,,2
381,dimethyltyptamin,dimethyltryptamine,False,False,False,,-1
382,tryptamine,dimethyltryptamine,False,False,False,,-1
383,tryptamine,dimethyltryptamine,False,False,False,,-1
384,dmt,dimethyltryptamine,False,False,True,,2
385,dimethyl-tryptamine,dimethyltryptamine,False,False,True,,1
386,tryptamine,dimethyltryptamine,False,False,False,,-1
387,tryptamine,dimethyltryptamine,False,False,False,,-1
388,dimethyltryptamine,dimethyltryptamine,dimethyltryptamine,True,True,,1
389,dimethyl-tryptamine,dimethyltryptamine,False,False,True,,1
390,dimethyltryptamine,dimethyltryptamine,dimethyltryptamine,True,True,,1
391,dimethylproprionate,dimethyltryptamine,False,False,False,,-1
392,dimethylglycine,dimethyltryptamine,"n,n-dimethylglycine",False,False,,-1
393,dimethyltryptimine,dimethyltryptamine,False,False,False,,-1
394,dimethyl_tryptamine,dimethyltryptamine,False,False,True,,2
395,tryptamine,dimethyltryptamine,False,False,False,,-1
396,tryptamines,dimethyltryptamine,False,False,True,,10
397,dimethyl_tryptamine,dimethyltryptamine,False,False,True,,2
398,tryptamine,dimethyltryptamine,False,False,False,,-1
399,dimethyl-tryptamine,dimethyltryptamine,False,False,True,,1
400,dimethyltryptamine,dimethyltryptamine,dimethyltryptamine,True,True,,1
401,dmt,dimethyltryptamine,False,False,True,,2
402,dimethyltrytamine,dimethyltryptamine,False,False,True,,2
403,dimethyltyptamine,dimethyltryptamine,False,False,True,,2
404,dimethyltryptophan,dimethyltryptamine,False,False,True,,2
405,dmt,dimethyltryptamine,False,False,True,,2
406,dimethyltryptophane,dimethyltryptamine,False,False,True, pill,8
407,dimethyltryptophanes,dimethyltryptamine,False,False,False,,-1
408,dmt,dimethyltryptamine,False,False,True,,2
409,dimethyl-tryptamine,dimethyltryptamine,False,False,True,,1
410,dmt,dimethyltryptamine,False,False,True,,2
411,dimethyltryptophan,dimethyltryptamine,False,False,True,,2
412,tryptamine,dimethyltryptamine,False,False,False,,-1
413,dimethyltryptan,dimethyltryptamine,False,False,True, pill,8
414,dimethyl_tryptamine,dimethyltryptamine,False,False,True,,2
415,dimethyltryptamine,dimethyltryptamine,dimethyltryptamine,True,True,,1
416,"n,n-dimethyltryptamine",dimethyltryptamine,False,False,True,,2
417,dimethyltrickamine,dimethyltryptamine,False,False,False,,-1
418,dmt,dimethyltryptamine,False,False,True,,2
419,"n,n-dimethyltryptamine",dimethyltryptamine,False,False,True,,2
420,tryptamine,dimethyltryptamine,False,False,False,,-1
421,dmt,dimethyltryptamine,False,False,True,,2
422,tryptamine,dimethyltryptamine,False,False,False,,-1
423,dmt,dimethyltryptamine,False,False,True,,2
424,tryptamine,dimethyltryptamine,False,False,False,,-1
425,dimethyl-tryptamine,dimethyltryptamine,False,False,True,,1
426,tryptamine,dimethyltryptamine,False,False,False,,-1
427,dimethyl_tryptamine,dimethyltryptamine,False,False,True,,2
428,dmt,dimethyltryptamine,False,False,True,,2
429,tryptamine,dimethyltryptamine,False,False,False,,-1
430,dimethyltryptophan,dimethyltryptamine,False,False,True,,2
431,tryptamine,dimethyltryptamine,False,False,False,,-1
432,mta,dimethyltryptamine,False,False,False,,-1
433,dimethyl-tryptamine,dimethyltryptamine,False,False,True,,1
434,tryptamine,dimethyltryptamine,False,False,False,,-1
435,dmt,dimethyltryptamine,False,False,True,,2
436,dimethyl-tryptamine,dimethyltryptamine,False,False,True,,1
437,tryptamine,dimethyltryptamine,False,False,False,,-1
438,dimethyltryptan,dimethyltryptamine,False,False,True, pill,8
439,dimethyl_tryptamine,dimethyltryptamine,False,False,True,,2
440,dimethyl-tryptamine,dimethyltryptamine,False,False,True,,1
441,functional_group_tryptamine,dimethyltryptamine,False,False,False,,-1
442,tryptamine_diethylamide,dimethyltryptamine,False,False,True,,6
443,dimethyltryptamine,dimethyltryptamine,dimethyltryptamine,True,True,,1
444,dimethyltryptamine,dimethyltryptamine,dimethyltryptamine,True,True,,1
445,dmt,dimethyltryptamine,False,False,True,,2
446,dimethyl-tryptamine,dimethyltryptamine,False,False,True,,1
447,dimethyl_tryptamine,dimethyltryptamine,False,False,True,,2
448,"n,n-dimethyltryptamine",dimethyltryptamine,False,False,True,,2
449,tryptamines,dimethyltryptamine,False,False,True,,10
450,dimethyl-tryptamine,dimethyltryptamine,False,False,True,,1
451,dimethyl_tryptamine,dimethyltryptamine,False,False,True,,2
452,"n,n-dimethyltryptamine",dimethyltryptamine,False,False,True,,2
453,dmt,dimethyltryptamine,False,False,True,,2
454,dimethyltryptamin,dimethyltryptamine,dimethyltryptamine,True,True, pill,2
455,dimethyltryptimine,dimethyltryptamine,False,False,False,,-1
456,dimethyltryptin,dimethyltryptamine,False,False,False,,-1
457,dimethyltrpamine,dimethyltryptamine,False,False,False,,-1
458,dimethyltryptamine,dimethyltryptamine,dimethyltryptamine,True,True,,1
459,dimethylgramine,dimethyltryptamine,False,False,False,,-1
460,dimethylglycine,dimethyltryptamine,"n,n-dimethylglycine",False,False,,-1
461,dimethyltryptamine_phosphate,dimethyltryptamine,False,True,False,,-1
462,dimethyltryptophan,dimethyltryptamine,False,False,True,,2
463,dimethylethyltryptamine,dimethyltryptamine,False,False,False,,-1
464,dimethyltryptamine,dimethyltryptamine,dimethyltryptamine,True,True,,1
465,dmt,dimethyltryptamine,False,False,True,,2
466,tryptamine,dimethyltryptamine,False,False,False,,-1
467,dimethyl-tryptamine,dimethyltryptamine,False,False,True,,1
468,"n,n-dimethyltryptamine",dimethyltryptamine,False,False,True,,2
469,dimethyl_tryptamine,dimethyltryptamine,False,False,True,,2
470,dmt,dimethyltryptamine,False,False,True,,2
471,dmt,dimethyltryptamine,False,False,True,,2
472,"n,n-dimethyltryptamine",dimethyltryptamine,False,False,True,,2
473,dimethyltryptophan,dimethyltryptamine,False,False,True,,2
474,dmt,dimethyltryptamine,False,False,True,,2
475,"n,n-dimethyltryptamine",dimethyltryptamine,False,False,True,,2
476,dmt,dimethyltryptamine,False,False,True,,2
477,"n,n-dimethyltryptamine",dimethyltryptamine,False,False,True,,2
478,dimethylnoradrenaline,dimethyltryptamine,False,False,False,,-1
479,dimethyltryptophan,dimethyltryptamine,False,False,True,,2
480,dmts,dimethyltryptamine,False,False,True, pill,5
481,"n,n-dimethyltryptamine",dimethyltryptamine,False,False,True,,2
482,tryptamine,dimethyltryptamine,False,False,False,,-1
483,dmt,dimethyltryptamine,False,False,True,,2
484,"n,n-dimethyltryptamine",dimethyltryptamine,False,False,True,,2
485,dimethyltryptine,dimethyltryptamine,False,False,False,,-1
486,dimethyltryptamines,dimethyltryptamine,dimethyltryptamine,True,True,,6
487,dimethyltyptamine,dimethyltryptamine,False,False,True,,2
488,dimethyltryptamene,dimethyltryptamine,False,False,False,,-1
489,dimethyl-tryptamine,dimethyltryptamine,False,False,True,,1
490,dimethyl-trytamine,dimethyltryptamine,False,False,True,,3
491,tryptamine,dimethyltryptamine,False,False,False,,-1
492,dmt,dimethyltryptamine,False,False,True,,2
493,"n,n-dimethyltryptamine",dimethyltryptamine,False,False,True,,2
494,tryptamine,dimethyltryptamine,False,False,False,,-1
495,dimethylthryptamine,dimethyltryptamine,False,False,False,,-1
496,dimethyl-tryptamine,dimethyltryptamine,False,False,True,,1
497,tryptamine,dimethyltryptamine,False,False,False,,-1
498,"n,n-dimethyltryptamine",dimethyltryptamine,False,False,True,,2
499,methyltryptamine,dimethyltryptamine,diethyltryptamine,False,False,,-1
500,tryptamine,dimethyltryptamine,False,False,False,,-1
501,dimethyl_tryptamine,dimethyltryptamine,False,False,True,,2
502,dmt,dimethyltryptamine,False,False,True,,2
503,tryptamine,dimethyltryptamine,False,False,False,,-1
504,dmt,dimethyltryptamine,False,False,True,,2
505,dmt,dimethyltryptamine,False,False,True,,2
506,"n,n-dimethyltryptamine",dimethyltryptamine,False,False,True,,2
507,tryptamine,dimethyltryptamine,False,False,False,,-1
508,dimethyltryptamine_hydrochloride,dimethyltryptamine,False,True,True,,1
509,"n,n-dimethyltryptamine",dimethyltryptamine,False,False,True,,2
510,dimethyl-tryptamine,dimethyltryptamine,False,False,True,,1
511,dmt,dimethyltryptamine,False,False,True,,2
512,dimethyltryptamine_hydrochloride,dimethyltryptamine,False,True,True,,1
513,"n,n-dimethyltryptamine",dimethyltryptamine,False,False,True,,2
514,"n,n-dimethyltryptamine",dimethyltryptamine,False,False,True,,2
515,dmt,dimethyltryptamine,False,False,True,,2
516,dmt,dimethyltryptamine,False,False,True,,2
517,dimethyltryptopamine,dimethyltryptamine,False,False,False,,-1
518,tryptamine,dimethyltryptamine,False,False,False,,-1
519,dimethyl-tryptamine,dimethyltryptamine,False,False,True,,1
520,tryptamine,dimethyltryptamine,False,False,False,,-1
521,dimethyltryptamine,dimethyltryptamine,dimethyltryptamine,True,True,,1
522,dimethyltryptamine,dimethyltryptamine,dimethyltryptamine,True,True,,1
523,dimethyltryptamine,dimethyltryptamine,dimethyltryptamine,True,True,,1
524,dimethyltryptophan,dimethyltryptamine,False,False,True,,2
525,tryptamines,dimethyltryptamine,False,False,True,,10
526,dimethyltryptamine_hydrochloride,dimethyltryptamine,False,True,True,,1
527,dmt,dimethyltryptamine,False,False,True,,2
528,dimethyltryptamine,dimethyltryptamine,dimethyltryptamine,True,True,,1
529,dimethyl-tryptamine,dimethyltryptamine,False,False,True,,1
530,tryptamine,dimethyltryptamine,False,False,False,,-1
531,dmt,dimethyltryptamine,False,False,True,,2
532,dimethyl_tryptamine,dimethyltryptamine,False,False,True,,2
533,dmt,dimethyltryptamine,False,False,True,,2
534,dimethyl-tryptamine,dimethyltryptamine,False,False,True,,1
535,"n,n-dimethyltryptamine",dimethyltryptamine,False,False,True,,2
536,dimethyl-tryptamine,dimethyltryptamine,False,False,True,,1
537,dmt,dimethyltryptamine,False,False,True,,2
538,"n,n-dimethyltryptamine",dimethyltryptamine,False,False,True,,2
539,dmt,dimethyltryptamine,False,False,True,,2
540,dimethyl_tryptamine,dimethyltryptamine,False,False,True,,2
541,dmt,dimethyltryptamine,False,False,True,,2
542,dimethyltryptamine_hydrochloride,dimethyltryptamine,False,True,True,,1
543,dimethyltryptamine_sulphate,dimethyltryptamine,False,True,True,,8
544,dimethyltryptamine_phosphate,dimethyltryptamine,False,True,False,,-1
545,dimethyltryptamine_acetate,dimethyltryptamine,False,True,True,,7
546,dimethyltryptamine_tartrate,dimethyltryptamine,False,True,True,,2
547,dimethyltryptamine_hydrobromide,dimethyltryptamine,False,True,True,,10
548,dimethyltryptamine_naphthylacetate,dimethyltryptamine,False,True,True, slang,1
549,dmt,dimethyltryptamine,False,False,True,,2
550,"n,n-dimethyltryptamine",dimethyltryptamine,False,False,True,,2
551,dmt,dimethyltryptamine,False,False,True,,2
552,tryptamine,dimethyltryptamine,False,False,False,,-1
553,domethylitryptamine,dimethyltryptamine,False,False,False,,-1
554,dimetiltryptamine,dimethyltryptamine,False,False,True,,8
555,dmt,dimethyltryptamine,False,False,True,,2
556,tryptamine,dimethyltryptamine,False,False,False,,-1
557,dmt,dimethyltryptamine,False,False,True,,2
558,dimethyltryptophan,dimethyltryptamine,False,False,True,,2
559,tryptamine,dimethyltryptamine,False,False,False,,-1
560,dimethyltryptamides,dimethyltryptamine,False,False,True,,5
561,dmt,dimethyltryptamine,False,False,True,,2
562,dmt,dimethyltryptamine,False,False,True,,2
563,"n,n-dimethyltryptamine",dimethyltryptamine,False,False,True,,2
564,dmt,dimethyltryptamine,False,False,True,,2
565,tryptamine,dimethyltryptamine,False,False,False,,-1
566,dmt,dimethyltryptamine,False,False,True,,2
567,dmt,dimethyltryptamine,False,False,True,,2
568,dimethyltryptamenes,dimethyltryptamine,False,False,False,,-1
569,tryptamines,dimethyltryptamine,False,False,True,,10
570,dimethytryptimine,dimethyltryptamine,False,False,False,,-1
571,tryptamines,dimethyltryptamine,False,False,True,,10
572,tryptophans,dimethyltryptamine,False,False,False,,-1
573,tryptamines,dimethyltryptamine,False,False,True,,10
574,dimethyltryptophan,dimethyltryptamine,False,False,True,,2
575,tryptamine,dimethyltryptamine,False,False,False,,-1
576,dmt,dimethyltryptamine,False,False,True,,2
577,dimethyl-tryptamine,dimethyltryptamine,False,False,True,,1
578,"n,n-dimethyltryptamine",dimethyltryptamine,False,False,True,,2
579,dimethyl-tryptamine,dimethyltryptamine,False,False,True,,1
580,tryptamine,dimethyltryptamine,False,False,False,,-1
581,tryptamines,dimethyltryptamine,False,False,True,,10
582,tryptamines,dimethyltryptamine,False,False,True,,10
583,dimethyltrpmine,dimethyltryptamine,False,False,False,,-1
584,dimethyltrpamine,dimethyltryptamine,False,False,False,,-1
585,tryptamine,dimethyltryptamine,False,False,False,,-1
586,dmt,dimethyltryptamine,False,False,True,,2
587,tryptamine,dimethyltryptamine,False,False,False,,-1
588,dimethyltryptamine_hydrochloride,dimethyltryptamine,False,True,True,,1
589,dimethyltryptamine_sulfate,dimethyltryptamine,False,True,True,,6
590,dmt,dimethyltryptamine,False,False,True,,2
591,dmt,dimethyltryptamine,False,False,True,,2
592,dimethyl_psychedelics,dimethyltryptamine,False,False,True,,3
593,tryptamines,dimethyltryptamine,False,False,True,,10
594,dmt,dimethyltryptamine,False,False,True,,2
595,dimethyl-tryptamine,dimethyltryptamine,False,False,True,,1
596,dmt,dimethyltryptamine,False,False,True,,2
597,dimethyltryptolin,dimethyltryptamine,False,False,False,,-1
598,"n,n-dimethyl-tryptamine",dimethyltryptamine,False,False,True, pill,9
599,dimethyltryptamne,dimethyltryptamine,False,False,False,,-1
600,dimethyl-tryptamine,dimethyltryptamine,False,False,True,,1
601,dimethyltryptamine,dimethyltryptamine,dimethyltryptamine,True,True,,1
602,dimethyltryptamine,dimethyltryptamine,dimethyltryptamine,True,True,,1
603,dimethyltrptamines,dimethyltryptamine,False,False,False,,-1
604,ergoline,dimethyltryptamine,ecgonine,False,False,,-1
605,tryptamine,dimethyltryptamine,False,False,False,,-1
606,"n,n-dimethyltryptamine",dimethyltryptamine,False,False,True,,2
607,dmt,dimethyltryptamine,False,False,True,,2
608,dmt,dimethyltryptamine,False,False,True,,2
609,dmt,dimethyltryptamine,False,False,True,,2
610,tryptamine,dimethyltryptamine,False,False,False,,-1
611,tryptamine,dimethyltryptamine,False,False,False,,-1
612,"n,n-dimethyltryptamine",dimethyltryptamine,False,False,True,,2
613,dmt,dimethyltryptamine,False,False,True,,2
614,tryptamine,dimethyltryptamine,False,False,False,,-1
615,dmt,dimethyltryptamine,False,False,True,,2
616,demethylated_tryptamine,dimethyltryptamine,False,False,False,,-1
617,dmt,dimethyltryptamine,False,False,True,,2
618,dimethyltryptamine,dimethyltryptamine,dimethyltryptamine,True,True,,1
619,tryptamine,dimethyltryptamine,False,False,False,,-1
620,dimethyl-tryptamine,dimethyltryptamine,False,False,True,,1
621,dmt,dimethyltryptamine,False,False,True,,2
622,dmt,dimethyltryptamine,False,False,True,,2
623,"n,n-dimethyltryptamines",dimethyltryptamine,False,False,True, slang,1
624,dmt,dimethyltryptamine,False,False,True,,2
625,dmt,dimethyltryptamine,False,False,True,,2
626,tryptamines,dimethyltryptamine,False,False,True,,10
627,tryptamine,dimethyltryptamine,False,False,False,,-1
628,dmt,dimethyltryptamine,False,False,True,,2
629,dmts,dimethyltryptamine,False,False,True, pill,5
630,dimethyltransferase,dimethyltryptamine,False,False,True, slang,9
631,dmt,dimethyltryptamine,False,False,True,,2
632,tryptamine,dimethyltryptamine,False,False,False,,-1
633,dmt,dimethyltryptamine,False,False,True,,2
634,dimethyltryptamine,dimethyltryptamine,dimethyltryptamine,True,True,,1
635,imethyltryptamine,dimethyltryptamine,False,False,True, pill,1
636,i-dmt,dimethyltryptamine,False,False,True, pill,1
637,"n,n-dimethyltryptamine",dimethyltryptamine,False,False,True,,2
638,dimethyltryptamine,dimethyltryptamine,dimethyltryptamine,True,True,,1
639,dmt,dimethyltryptamine,False,False,True,,2
640,dimethyltryptamine_hydrochloride,dimethyltryptamine,False,True,True,,1
641,dmt,dimethyltryptamine,False,False,True,,2
642,dmt,dimethyltryptamine,False,False,True,,2
643,bufotenin,dimethyltryptamine,bufotenine,False,False,,-1
644,tryptamine,dimethyltryptamine,False,False,False,,-1
645,dimethyltryptamine,dimethyltryptamine,dimethyltryptamine,True,True,,1
646,dimethyltrp,dimethyltryptamine,False,False,False,,-1
647,dimethyl_trypt,dimethyltryptamine,False,False,True, drug,10
648,dimeth_tryptamine,dimethyltryptamine,False,False,True,,7
649,tryptamine,dimethyltryptamine,False,False,False,,-1
650,dmt,dimethyltryptamine,False,False,True,,2
651,"n,n-dimethyltryptamine",dimethyltryptamine,False,False,True,,2
652,tryptamine,dimethyltryptamine,False,False,False,,-1
653,dimethyl_tryptamine,dimethyltryptamine,False,False,True,,2
654,dmt,dimethyltryptamine,False,False,True,,2
655,dimethyl-tryptamine,dimethyltryptamine,False,False,True,,1
656,dmt,dimethyltryptamine,False,False,True,,2
657,tryptamine,dimethyltryptamine,False,False,False,,-1
658,5-alkyltryptamines,dimethyltryptamine,False,False,True, drug,9
659,tryptamines,dimethyltryptamine,False,False,True,,10
660,dmt,dimethyltryptamine,False,False,True,,2
661,dimethyl-tryptamine,dimethyltryptamine,False,False,True,,1
662,dimethyl_tryptamine,dimethyltryptamine,False,False,True,,2
663,tryptamine,dimethyltryptamine,False,False,False,,-1
664,dmt,dimethyltryptamine,False,False,True,,2
665,"n,n-dimethyltryptamine",dimethyltryptamine,False,False,True,,2
666,"n,_n-dimethyltryptamine",dimethyltryptamine,False,False,True, slang,1
667,dmt,dimethyltryptamine,False,False,True,,2
668,dmt,dimethyltryptamine,False,False,True,,2
669,dmt,dimethyltryptamine,False,False,True,,2
670,dmt,dimethyltryptamine,False,False,True,,2
671,dimethyltryptophan,dimethyltryptamine,False,False,True,,2
672,tryptamines,dimethyltryptamine,False,False,True,,10
673,dmt,dimethyltryptamine,False,False,True,,2
674,dmt,dimethyltryptamine,False,False,True,,2
675,dimethytryptamines,dimethyltryptamine,False,False,True, slang,6
676,dimethyl-tryptamine,dimethyltryptamine,False,False,True,,1
677,dimethyltryptamine,dimethyltryptamine,dimethyltryptamine,True,True,,1
678,dmt,dimethyltryptamine,False,False,True,,2
679,dmt,dimethyltryptamine,False,False,True,,2
680,dimethyldopamine,dimethyltryptamine,False,False,False,,-1
681,dimethylprodine,dimethyltryptamine,False,False,False,,-1
682,dimethyltryptophan,dimethyltryptamine,False,False,True,,2
683,dimethylated_tryptamine,dimethyltryptamine,False,False,True,,8
684,dimethyl-tryptamine,dimethyltryptamine,False,False,True,,1
685,dmt,dimethyltryptamine,False,False,True,,2
686,"n,n-dimethyltryptamine",dimethyltryptamine,False,False,True,,2
687,dmt,dimethyltryptamine,False,False,True,,2
688,dmta,dimethyltryptamine,False,False,False,,-1
689,dimethyl-tryptamine,dimethyltryptamine,False,False,True,,1
690,"n,n-dimethyltryptamine",dimethyltryptamine,False,False,True,,2
691,dmt,dimethyltryptamine,False,False,True,,2
692,βk-2c-m,dimethyltryptamine,False,False,False,,-1
693,"α,n-dimethyl_tryptamine",dimethyltryptamine,False,False,True, pill,9
694,beta-keto-2-(n-dimethylamino)tryptamine,dimethyltryptamine,False,False,False,,-1
695,"2-(1h-indol-3-yl)-n,n-dimethylpropan-1-amine",dimethyltryptamine,False,False,False,,-1
696,2c-b-fly,dimethyltryptamine,False,False,False,,-1
697,dimethyltriproamine,dimethyltryptamine,False,False,False,,-1
698,dimethyltryptophan,dimethyltryptamine,False,False,True,,2
699,dimethyltrp,dimethyltryptamine,False,False,False,,-1
700,dimethyltryptamine,dimethyltryptamine,dimethyltryptamine,True,True,,1
701,dimethyltryptamine,dimethyltryptamine,dimethyltryptamine,True,True,,1
702,dmt,dimethyltryptamine,False,False,True,,2
703,tryptamine,dimethyltryptamine,False,False,False,,-1
704,dmt,dimethyltryptamine,False,False,True,,2
705,dimethyl-tryptamine,dimethyltryptamine,False,False,True,,1
706,dimethyl-tryptamines,dimethyltryptamine,False,False,True,,5
707,"n,n-dimethyltryptamine",dimethyltryptamine,False,False,True,,2
708,dmt,dimethyltryptamine,False,False,True,,2
709,dimethyltryptamine,dimethyltryptamine,dimethyltryptamine,True,True,,1
710,dmt,dimethyltryptamine,False,False,True,,2
711,"n,n-dimethyl-5-hydroxytryptamine",dimethyltryptamine,False,False,False,,-1
712,"5-methoxy-n,n-dimethyl-tryptamine",dimethyltryptamine,False,False,True, pill,7
713,dimethyltriptamines,dimethyltryptamine,False,False,True, pill,5
714,dmt,dimethyltryptamine,False,False,True,,2
715,dimethylprotryptamine,dimethyltryptamine,False,False,False,,-1
716,dimethyltryptophan,dimethyltryptamine,False,False,True,,2
717,dimethyltryptamines,dimethyltryptamine,dimethyltryptamine,True,True,,6
718,dimethyltryptamine,dimethyltryptamine,dimethyltryptamine,True,True,,1
719,"n,n-dimethyltryptamine",dimethyltryptamine,False,False,True,,2
720,dmt,dimethyltryptamine,False,False,True,,2
721,dimethyl-tryptamine,dimethyltryptamine,False,False,True,,1
722,dimethyl_tryptamines,dimethyltryptamine,False,False,True,,7
723,tryptamines,dimethyltryptamine,False,False,True,,10
724,dimethylthryptamine,dimethyltryptamine,False,False,False,,-1
725,dimethylenetriptamine,dimethyltryptamine,False,False,False,,-1
726,tryptamine,dimethyltryptamine,False,False,False,,-1
727,dmt,dimethyltryptamine,False,False,True,,2
728,dimethyl_tryptamine,dimethyltryptamine,False,False,True,,2
729,dmta,dimethyltryptamine,False,False,False,,-1
730,dimethylindoleserotonin,dimethyltryptamine,False,False,False,,-1
731,dmt,dimethyltryptamine,False,False,True,,2
732,dimethyltryptophan,dimethyltryptamine,False,False,True,,2
733,dimethyltryptamine,dimethyltryptamine,dimethyltryptamine,True,True,,1
734,dimethyltryptamine_hydrochloride,dimethyltryptamine,False,True,True,,1
735,dmt,dimethyltryptamine,False,False,True,,2
736,"n,n-dimethyltryptamine",dimethyltryptamine,False,False,True,,2
737,tryptamine,dimethyltryptamine,False,False,False,,-1
738,dimethyl-tryptamine,dimethyltryptamine,False,False,True,,1
739,tryptamine-n-methyl-d,dimethyltryptamine,False,False,False,,-1
740,"n,n-dimethyltryptamine",dimethyltryptamine,False,False,True,,2
741,dimethyltryptophane,dimethyltryptamine,False,False,True, pill,8
742,dimethyltryptophan,dimethyltryptamine,False,False,True,,2
743,"n,n-dimethyltryptamine",dimethyltryptamine,False,False,True,,2
744,dmt,dimethyltryptamine,False,False,True,,2
745,dmt,dimethyltryptamine,False,False,True,,2
746,"n,n-dimethyl-tryptamine",dimethyltryptamine,False,False,True, pill,9
747,dmt,dimethyltryptamine,False,False,True,,2
748,tryptamine,dimethyltryptamine,False,False,False,,-1
749,tryptamines,dimethyltryptamine,False,False,True,,10
750,dmt,dimethyltryptamine,False,False,True,,2
751,"n,n-dimethyltryptamine",dimethyltryptamine,False,False,True,,2
752,dmt,dimethyltryptamine,False,False,True,,2
753,tryptamine,dimethyltryptamine,False,False,False,,-1
754,dimethyltryptophan,dimethyltryptamine,False,False,True,,2
755,dimethyltryptamine,dimethyltryptamine,dimethyltryptamine,True,True,,1
756,"n,n-dimethyltryptamine",dimethyltryptamine,False,False,True,,2
757,tryptamine,dimethyltryptamine,False,False,False,,-1
758,tryptamine,dimethyltryptamine,False,False,False,,-1
759,"n,n-dimethyltryptamine",dimethyltryptamine,False,False,True,,2
760,dimitri,dimethyltryptamine,False,False,True, pill,1
761,dimethyltryptophan,dimethyltryptamine,False,False,True,,2
762,dimethyltryptamine,dimethyltryptamine,dimethyltryptamine,True,True,,1
763,dimethyl-t,dimethyltryptamine,False,False,True, slang,8
764,dmt,dimethyltryptamine,False,False,True,,2
765,tryptamine,dimethyltryptamine,False,False,False,,-1
766,tryptamine,dimethyltryptamine,False,False,False,,-1
767,"n,n-dimethyltryptamine",dimethyltryptamine,False,False,True,,2
768,dmt,dimethyltryptamine,False,False,True,,2
769,dmt,dimethyltryptamine,False,False,True,,2
770,tryptamine,dimethyltryptamine,False,False,False,,-1
771,dimetiltryptamine,dimethyltryptamine,False,False,True,,8
772,dimethyltrptamine,dimethyltryptamine,dimethyltryptamine,True,True, pill,1
773,dimethylthryptamine,dimethyltryptamine,False,False,False,,-1
774,dmt,dimethyltryptamine,False,False,True,,2
775,dmts,dimethyltryptamine,False,False,True, pill,5
776,dimethyl-tryptamine,dimethyltryptamine,False,False,True,,1
777,dimethyltrypt_come,dimethyltryptamine,False,False,True,,2
778,tryptamine,dimethyltryptamine,False,False,False,,-1
779,dimethyltryptamine_hydrochloride,dimethyltryptamine,False,True,True,,1
780,dimethyltryptamine_sulfate,dimethyltryptamine,False,True,True,,6
781,dimetiltryptamine,dimethyltryptamine,False,False,True,,8
782,dimethyltrpamine,dimethyltryptamine,False,False,False,,-1
783,dimethyl_tryptamine,dimethyltryptamine,False,False,True,,2
784,dmt,dimethyltryptamine,False,False,True,,2
785,dmt,dimethyltryptamine,False,False,True,,2
786,dmt,dimethyltryptamine,False,False,True,,2
787,dimethyltyptamine,dimethyltryptamine,False,False,True,,2
788,dimethyltryptimine,dimethyltryptamine,False,False,False,,-1
789,tryptamine,dimethyltryptamine,False,False,False,,-1
790,dmt,dimethyltryptamine,False,False,True,,2
791,dmt,dimethyltryptamine,False,False,True,,2
792,dmt,dimethyltryptamine,False,False,True,,2
793,dimethylamine,dimethyltryptamine,methylamine,False,False,,-1
794,tryptamine,dimethyltryptamine,False,False,False,,-1
795,dmt,dimethyltryptamine,False,False,True,,2
796,"n,n-dimethyltryptamine",dimethyltryptamine,False,False,True,,2
797,tryptophane,dimethyltryptamine,False,False,False,,-1
798,tryptamine,dimethyltryptamine,False,False,False,,-1
799,dimethyltrptomine,dimethyltryptamine,False,False,False,,-1
800,dimethyltryptine,dimethyltryptamine,False,False,False,,-1
801,dimethyltrptmine,dimethyltryptamine,False,False,False,,-1
802,tryptamine,dimethyltryptamine,False,False,False,,-1
803,dmt,dimethyltryptamine,False,False,True,,2
804,tryptamine,dimethyltryptamine,False,False,False,,-1
805,tryptomine,dimethyltryptamine,False,False,False,,-1
806,dimethyltrptamine,dimethyltryptamine,dimethyltryptamine,True,True, pill,1
807,dmt,dimethyltryptamine,False,False,True,,2
808,"n,n-dimethyltryptamine",dimethyltryptamine,False,False,True,,2
809,tryptamine,dimethyltryptamine,False,False,False,,-1
810,dimethyltyptamine,dimethyltryptamine,False,False,True,,2
811,dimethyltryptophan,dimethyltryptamine,False,False,True,,2
812,dimethylaniline,dimethyltryptamine,False,False,False,,-1
813,tryptamine,dimethyltryptamine,False,False,False,,-1
814,"n,n-dimethyltryptamine",dimethyltryptamine,False,False,True,,2
815,dimethytryptamines,dimethyltryptamine,False,False,True, slang,6
816,dimethylitryptamine,dimethyltryptamine,False,False,False,,-1
817,dmt,dimethyltryptamine,False,False,True,,2
818,dimethyltryptamine,dimethyltryptamine,dimethyltryptamine,True,True,,1
819,dimethyltryptamines,dimethyltryptamine,dimethyltryptamine,True,True,,6
820,dmt,dimethyltryptamine,False,False,True,,2
821,dimethyl_tributyl_amine,dimethyltryptamine,False,False,False,,-1
822,dmt,dimethyltryptamine,False,False,True,,2
823,dmtr,dimethyltryptamine,False,False,True, pill,4
824,dmt,dimethyltryptamine,False,False,True,,2
825,dimethyltrypton,dimethyltryptamine,False,False,True, pill,8
826,methyl_tryptamine,dimethyltryptamine,False,False,False,,-1
827,dmt,dimethyltryptamine,False,False,True,,2
828,dimethylthiamin,dimethyltryptamine,False,False,False,,-1
829,dimethyltrimethylamine,dimethyltryptamine,False,False,False,,-1
830,dimethylglycine,dimethyltryptamine,"n,n-dimethylglycine",False,False,,-1
831,dimethylenetryptamine,dimethyltryptamine,False,False,False,,-1
832,dimethylpropanolamine,dimethyltryptamine,False,False,False,,-1
833,dimethyltetrahydrofuran,dimethyltryptamine,False,False,False,,-1
834,dimethyl-beta-carboline,dimethyltryptamine,False,False,False,,-1
835,dmt,dimethyltryptamine,False,False,True,,2
836,dimethylthiamin,dimethyltryptamine,False,False,False,,-1
837,dimethyltransferase,dimethyltryptamine,False,False,True, slang,9
838,dmt,dimethyltryptamine,False,False,True,,2
839,dimethyl_tryptamine,dimethyltryptamine,False,False,True,,2
840,dmt,dimethyltryptamine,False,False,True,,2
841,"n,n-dimethyltryptamine",dimethyltryptamine,False,False,True,,2
842,dmt,dimethyltryptamine,False,False,True,,2
843,tryptamine,dimethyltryptamine,False,False,False,,-1
844,dmt,dimethyltryptamine,False,False,True,,2
845,dimethyltryptophan,dimethyltryptamine,False,False,True,,2
846,tryptamine,dimethyltryptamine,False,False,False,,-1
847,dmt,dimethyltryptamine,False,False,True,,2
848,tryptamine,dimethyltryptamine,False,False,False,,-1
849,tryptamine_dimethylation,dimethyltryptamine,False,False,True,,10
850,dmt,dimethyltryptamine,False,False,True,,2
851,dmt,dimethyltryptamine,False,False,True,,2
852,dimethyltryptamine,dimethyltryptamine,dimethyltryptamine,True,True,,1
853,dmt,dimethyltryptamine,False,False,True,,2
854,dimethylnorharmane,dimethyltryptamine,False,False,False,,-1
855,dimethylnorharman,dimethyltryptamine,False,False,False,,-1
856,3-(2-dimethylaminoethyl)-indole,dimethyltryptamine,False,False,True,,1
857,dmt,dimethyltryptamine,False,False,True,,2
858,"n,n-dimethyltryptamines",dimethyltryptamine,False,False,True, slang,1
859,tryptamine,dimethyltryptamine,False,False,False,,-1
860,dmt,dimethyltryptamine,False,False,True,,2
861,dmt,dimethyltryptamine,False,False,True,,2
862,dmt,dimethyltryptamine,False,False,True,,2
863,dimethyltriptamine,dimethyltryptamine,dimethyltryptamine,True,True, pill,2
864,tryptamines,dimethyltryptamine,False,False,True,,10
865,dimethyl-tryptamine,dimethyltryptamine,False,False,True,,1
866,tryptamine,dimethyltryptamine,False,False,False,,-1
867,dmt,dimethyltryptamine,False,False,True,,2
868,dimethyl_tryptamine,dimethyltryptamine,False,False,True,,2
869,tryptamines,dimethyltryptamine,False,False,True,,10
870,tryptamines,dimethyltryptamine,False,False,True,,10
871,dimethyl-tryptamine,dimethyltryptamine,False,False,True,,1
872,dmt,dimethyltryptamine,False,False,True,,2
873,dimethyltryptophan,dimethyltryptamine,False,False,True,,2
874,dimethyl_tryptamine,dimethyltryptamine,False,False,True,,2
875,dimethyltryptophan,dimethyltryptamine,False,False,True,,2
876,tryptamine,dimethyltryptamine,False,False,False,,-1
877,serotonin,dimethyltryptamine,serotonin,False,True,,6
878,dimethyl-tryptamine,dimethyltryptamine,False,False,True,,1
879,tryptamine,dimethyltryptamine,False,False,False,,-1
880,dmt,dimethyltryptamine,False,False,True,,2
881,"n,n-dimethyltryptamine",dimethyltryptamine,False,False,True,,2
882,tryptamine,dimethyltryptamine,False,False,False,,-1
883,dmt,dimethyltryptamine,False,False,True,,2
884,"n,n-dimethyltryptamine",dimethyltryptamine,False,False,True,,2
885,tryptamine,dimethyltryptamine,False,False,False,,-1
886,tryptamines,dimethyltryptamine,False,False,True,,10
887,tryptamines,dimethyltryptamine,False,False,True,,10
888,tryptamine,dimethyltryptamine,False,False,False,,-1
889,monomethylhydrazine,dimethyltryptamine,False,False,False,,-1
890,tryptamine,dimethyltryptamine,False,False,False,,-1
891,dimethyltyptamine,dimethyltryptamine,False,False,True,,2
892,dimethyltryptamine,dimethyltryptamine,dimethyltryptamine,True,True,,1
893,dmt,dimethyltryptamine,False,False,True,,2
894,"n,n-dimethyltryptamine",dimethyltryptamine,False,False,True,,2
895,dmt,dimethyltryptamine,False,False,True,,2
896,"n,n-dimethyltryptamine",dimethyltryptamine,False,False,True,,2
897,dmt,dimethyltryptamine,False,False,True,,2
898,tryptamine,dimethyltryptamine,False,False,False,,-1
899,dmt,dimethyltryptamine,False,False,True,,2
900,dimethylandrostenediol,dimethyltryptamine,False,False,False,,-1
901,dimethylpropranolol,dimethyltryptamine,False,False,False,,-1
902,dimethylthiofentanyl,dimethyltryptamine,False,False,False,,-1
903,dimethylphenethylamine,dimethyltryptamine,False,False,False,,-1
904,dimethylthryptamine,dimethyltryptamine,False,False,False,,-1
905,tryptamine,dimethyltryptamine,False,False,False,,-1
906,dmt,dimethyltryptamine,False,False,True,,2
907,dimethylindoles,dimethyltryptamine,False,False,False,,-1
908,indoles,dimethyltryptamine,indole,False,False,,-1
909,dmt,dimethyltryptamine,False,False,True,,2
910,dimethyl-tryptamine,dimethyltryptamine,False,False,True,,1
911,dmt,dimethyltryptamine,False,False,True,,2
912,dmt,dimethyltryptamine,False,False,True,,2
913,"n,n-dimethyltryptamine",dimethyltryptamine,False,False,True,,2
914,dimetyltryptamine,dimethyltryptamine,False,False,True,,2
915,tryptamine,dimethyltryptamine,False,False,False,,-1
916,dmt,dimethyltryptamine,False,False,True,,2
917,tryptamine,dimethyltryptamine,False,False,False,,-1
918,dimethyltryptamine,dimethyltryptamine,dimethyltryptamine,True,True,,1
919,dimethyltryptamine,dimethyltryptamine,dimethyltryptamine,True,True,,1
920,dimethyltryptamine,dimethyltryptamine,dimethyltryptamine,True,True,,1
921,dmt,dimethyltryptamine,False,False,True,,2
922,"n,n-dimethyltryptamine",dimethyltryptamine,False,False,True,,2
923,"n,n-dimethyltryptamine",dimethyltryptamine,False,False,True,,2
924,dmt,dimethyltryptamine,False,False,True,,2
925,dmt,dimethyltryptamine,False,False,True,,2
926,"n,n-dimethyltryptamine",dimethyltryptamine,False,False,True,,2
927,tryptamine,dimethyltryptamine,False,False,False,,-1
928,tryptamines,dimethyltryptamine,False,False,True,,10
929,dimethyltriptamine,dimethyltryptamine,dimethyltryptamine,True,True, pill,2
930,tryptamine,dimethyltryptamine,False,False,False,,-1
931,tryptophan,dimethyltryptamine,d-tryptophan,False,False,,-1
932,dimethyltryptophan,dimethyltryptamine,False,False,True,,2
933,dimethyltryptodine,dimethyltryptamine,False,False,False,,-1
934,dimethyl-tryptamine,dimethyltryptamine,False,False,True,,1
935,"n,n-dimethyltryptamine",dimethyltryptamine,False,False,True,,2
936,dmt,dimethyltryptamine,False,False,True,,2
937,"n,n-dimethyltryptamine",dimethyltryptamine,False,False,True,,2
938,dimethyl-tryptamine,dimethyltryptamine,False,False,True,,1
939,"n,n-dimethyltryptamine",dimethyltryptamine,False,False,True,,2
940,dmt,dimethyltryptamine,False,False,True,,2
941,dmt,dimethyltryptamine,False,False,True,,2
942,dimetiltryptamine,dimethyltryptamine,False,False,True,,8
943,dimethyl_tryptamine,dimethyltryptamine,False,False,True,,2
944,dimethultyptamine,dimethyltryptamine,False,False,False,,-1
945,dimethyl-5-hydroxytryptamine,dimethyltryptamine,False,False,False,,-1
946,dimethyl-5-ht,dimethyltryptamine,False,False,False,,-1
947,dmt,dimethyltryptamine,False,False,True,,2
948,"n,n-dimethyltryptamine",dimethyltryptamine,False,False,True,,2
949,dmt,dimethyltryptamine,False,False,True,,2
950,"n,n-dimethyltryptamine",dimethyltryptamine,False,False,True,,2
951,dmt,dimethyltryptamine,False,False,True,,2
952,"n,n-dimethyltryptamine",dimethyltryptamine,False,False,True,,2
953,tryptamine,dimethyltryptamine,False,False,False,,-1
954,dimethyltryptamine_hydrochloride,dimethyltryptamine,False,True,True,,1
955,dmt,dimethyltryptamine,False,False,True,,2
956,"n,n-dimethyl-tryptamine",dimethyltryptamine,False,False,True, pill,9
957,dmt,dimethyltryptamine,False,False,True,,2
958,dmt,dimethyltryptamine,False,False,True,,2
959,dimethyl-5-hydroxytryptamine,dimethyltryptamine,False,False,False,,-1
960,dimethyl-tryptamine,dimethyltryptamine,False,False,True,,1
961,dimethyltryptomine,dimethyltryptamine,dimethyltryptamine,True,True,,6
962,dimethyltryptmon,dimethyltryptamine,False,False,False,,-1
963,dmt,dimethyltryptamine,False,False,True,,2
964,"n,n-dimethyltryptamine",dimethyltryptamine,False,False,True,,2
965,"n,n-dmt",dimethyltryptamine,False,False,True, slang,2
966,dmt,dimethyltryptamine,False,False,True,,2
967,"n,n-dimethyltryptamine",dimethyltryptamine,False,False,True,,2
968,dimethyltryptophyllum,dimethyltryptamine,False,False,False,,-1
969,dimethyltrypta,dimethyltryptamine,False,False,False,,-1
970,"n,n-dimethyltryptamine",dimethyltryptamine,False,False,True,,2
971,dmt,dimethyltryptamine,False,False,True,,2
972,dimethyltryptamine_hydrochloride,dimethyltryptamine,False,True,True,,1
973,dimethyltryptamine_sulfate,dimethyltryptamine,False,True,True,,6
974,dimethyltryptamine_hydrochloride,dimethyltryptamine,False,True,True,,1
975,dimethyltryptophan,dimethyltryptamine,False,False,True,,2
976,dimethylindole,dimethyltryptamine,False,False,False,,-1
977,dimethyltryptophane,dimethyltryptamine,False,False,True, pill,8
978,dimethyl-tryptamine,dimethyltryptamine,False,False,True,,1
979,dimethyltryptamine_acid,dimethyltryptamine,False,True,True,,1
980,dimethyltryptamine_base,dimethyltryptamine,False,True,True, pill,4
981,tryptamine,dimethyltryptamine,False,False,False,,-1
982,tryptamine,dimethyltryptamine,False,False,False,,-1
983,dimethyl-tryptamine,dimethyltryptamine,False,False,True,,1
984,tryptamine,dimethyltryptamine,False,False,False,,-1
985,dmt,dimethyltryptamine,False,False,True,,2
986,dimethyltrptamine,dimethyltryptamine,dimethyltryptamine,True,True, pill,1
987,dmt,dimethyltryptamine,False,False,True,,2
988,dimethyltryptamine,dimethyltryptamine,dimethyltryptamine,True,True,,1
989,dimethyl-tryptamine,dimethyltryptamine,False,False,True,,1
990,"n,n-dimethyltryptamine",dimethyltryptamine,False,False,True,,2
991,tryptamine,dimethyltryptamine,False,False,False,,-1
992,dmt,dimethyltryptamine,False,False,True,,2
993,dmt,dimethyltryptamine,False,False,True,,2
994,"n,n-dimethyltryptamine",dimethyltryptamine,False,False,True,,2
995,tryptamine,dimethyltryptamine,False,False,False,,-1
996,dmta,dimethyltryptamine,False,False,False,,-1
997,serotonin_dimethyltransferase,dimethyltryptamine,False,False,False,,-1
998,tryptamine_dimethyltransferase,dimethyltryptamine,False,False,False,,-1
999,tryptaminergic,dimethyltryptamine,False,False,False,,-1
1000,tryptaminergic_drugs,dimethyltryptamine,False,False,False,,-1
1001,tryptamine_psychedelics,dimethyltryptamine,False,False,True, slang,2
1002,tryptamines,dimethyltryptamine,False,False,True,,10
1003,dimethyltryptophan,dimethyltryptamine,False,False,True,,2
1004,tryptamine,dimethyltryptamine,False,False,False,,-1
1005,dmt,dimethyltryptamine,False,False,True,,2
1006,dmt,dimethyltryptamine,False,False,True,,2
1007,dimethyltryptans,dimethyltryptamine,False,False,False,,-1
1008,dimethyltryptides,dimethyltryptamine,False,False,False,,-1
1009,dmt,dimethyltryptamine,False,False,True,,2
1010,"n,n-dimethyltryptamine",dimethyltryptamine,False,False,True,,2
1011,dmt,dimethyltryptamine,False,False,True,,2
1012,dimethyltryptamine_hydrochloride,dimethyltryptamine,False,True,True,,1
1013,dimethyltryptamine_sulfate,dimethyltryptamine,False,True,True,,6
1014,dimethyltryptamine_tartrate,dimethyltryptamine,False,True,True,,2
1015,dimethyltryptamines,dimethyltryptamine,dimethyltryptamine,True,True,,6
1016,tryptamine,dimethyltryptamine,False,False,False,,-1
1017,serotonin,dimethyltryptamine,serotonin,False,True,,6
1018,dimethyltryptin,dimethyltryptamine,False,False,False,,-1
1019,dimethyl-tryptamine,dimethyltryptamine,False,False,True,,1
1020,dimethyltryptophan,dimethyltryptamine,False,False,True,,2
1021,dimethyltryptophane,dimethyltryptamine,False,False,True, pill,8
1022,dimethyltrpamine,dimethyltryptamine,False,False,False,,-1
1023,dimethyltryptophan,dimethyltryptamine,False,False,True,,2
1024,dimethyl_tryptamine,dimethyltryptamine,False,False,True,,2
1025,dimethyl-tryptamine,dimethyltryptamine,False,False,True,,1
1026,methyltryptamine,dimethyltryptamine,diethyltryptamine,False,False,,-1
1027,dmtrace,dimethyltryptamine,False,False,False,,-1
1028,dmt,dimethyltryptamine,False,False,True,,2
1029,dimethyltryptamides,dimethyltryptamine,False,False,True,,5
1030,dmt,dimethyltryptamine,False,False,True,,2
1031,tryptamine,dimethyltryptamine,False,False,False,,-1
1032,tryptamines,dimethyltryptamine,False,False,True,,10
1033,trimethyltryptamine,dimethyltryptamine,False,False,False,,-1
1034,dimethyl-tryptamine,dimethyltryptamine,False,False,True,,1
1035,dmt,dimethyltryptamine,False,False,True,,2
1036,tryptamine,dimethyltryptamine,False,False,False,,-1
1037,dimethyl-tryptamine,dimethyltryptamine,False,False,True,,1
1038,dimethyl_tryptamine,dimethyltryptamine,False,False,True,,2
1039,dimethylitryptamine,dimethyltryptamine,False,False,False,,-1
1040,tryptamines,dimethyltryptamine,False,False,True,,10
1041,tryptomine,dimethyltryptamine,False,False,False,,-1
1042,serotonin,dimethyltryptamine,serotonin,False,True,,6
1043,dimethyltrypt359am!ne,dimethyltryptamine,False,False,False,,-1
1044,tryptamine,dimethyltryptamine,False,False,False,,-1
1045,"n,n-dimethyltextryptamine",dimethyltryptamine,False,False,False,,-1
1046,dmt,dimethyltryptamine,False,False,True,,2
1047,tryptamine,dimethyltryptamine,False,False,False,,-1
1048,"n,n-dimethyltryptamine",dimethyltryptamine,False,False,True,,2
1049,dmt,dimethyltryptamine,False,False,True,,2
1050,tryptamine,dimethyltryptamine,False,False,False,,-1
1051,dmt,dimethyltryptamine,False,False,True,,2
1052,dimethyltrypton,dimethyltryptamine,False,False,True, pill,8
1053,dimethyltryptine,dimethyltryptamine,False,False,False,,-1
1054,dmt,dimethyltryptamine,False,False,True,,2
1055,"n,n-dimethyltryptamine",dimethyltryptamine,False,False,True,,2
1056,dimethyltriptamine,dimethyltryptamine,dimethyltryptamine,True,True, pill,2
1057,dimethyltryptophane,dimethyltryptamine,False,False,True, pill,8
1058,dimethyltryptimine,dimethyltryptamine,False,False,False,,-1
1059,dimethyl-tryptamine,dimethyltryptamine,False,False,True,,1
1060,dmt,dimethyltryptamine,False,False,True,,2
1061,dmt,dimethyltryptamine,False,False,True,,2
1062,dimethyltryptophane,dimethyltryptamine,False,False,True, pill,8
1063,dimethyltryptmines,dimethyltryptamine,False,False,False,,-1
1064,tryptamines,dimethyltryptamine,False,False,True,,10
1065,tryptamine,dimethyltryptamine,False,False,False,,-1
1066,tryptamine,dimethyltryptamine,False,False,False,,-1
1067,dimethyltryptin,dimethyltryptamine,False,False,False,,-1
1068,dimethyltryptophan,dimethyltryptamine,False,False,True,,2
1069,dimethyltryptamene,dimethyltryptamine,False,False,False,,-1
1070,dimethyl-tryptamine,dimethyltryptamine,False,False,True,,1
1071,dmt,dimethyltryptamine,False,False,True,,2
1072,dimethyl_tryptamine,dimethyltryptamine,False,False,True,,2
1073,dmt,dimethyltryptamine,False,False,True,,2
1074,tryptamine,dimethyltryptamine,False,False,False,,-1
1075,dimethyl-tryptamine,dimethyltryptamine,False,False,True,,1
1076,dimethyl_tryptamine,dimethyltryptamine,False,False,True,,2
1077,dimethyltryptamne,dimethyltryptamine,False,False,False,,-1
1078,dimethyl-tryptamine,dimethyltryptamine,False,False,True,,1
1079,"n,n-dimethyltryptamine",dimethyltryptamine,False,False,True,,2
1080,dimethyltryptamines,dimethyltryptamine,dimethyltryptamine,True,True,,6
1081,dimethyl_tryptamine,dimethyltryptamine,False,False,True,,2
1082,tryptamine,dimethyltryptamine,False,False,False,,-1
1083,"n,n-dimethyltryptamine",dimethyltryptamine,False,False,True,,2
1084,dmt,dimethyltryptamine,False,False,True,,2
1085,tryptamine,dimethyltryptamine,False,False,False,,-1
1086,dimethyltryptamine_hydrochloride,dimethyltryptamine,False,True,True,,1
1087,dimethyltryptamine_sulfate,dimethyltryptamine,False,True,True,,6
1088,dimethyltryptamine_phosphate,dimethyltryptamine,False,True,False,,-1
1089,dimethyltryptamine_oxide,dimethyltryptamine,False,True,True,,2
1090,dimethyltryptamine,dimethyltryptamine,dimethyltryptamine,True,True,,1
1091,dimethyl_tryptamine,dimethyltryptamine,False,False,True,,2
1092,dmt,dimethyltryptamine,False,False,True,,2
1093,dimethyltryptamine,dimethyltryptamine,dimethyltryptamine,True,True,,1
1094,dmt,dimethyltryptamine,False,False,True,,2
1095,dimethytryptmon,dimethyltryptamine,False,False,False,,-1
1096,dimethyl_tryptamine,dimethyltryptamine,False,False,True,,2
1097,dmt,dimethyltryptamine,False,False,True,,2
1098,dmt,dimethyltryptamine,False,False,True,,2
1099,dimethyltryptamine,dimethyltryptamine,dimethyltryptamine,True,True,,1
1100,dimethyltryptamine,dimethyltryptamine,dimethyltryptamine,True,True,,1
1101,dimethyltryptamine,dimethyltryptamine,dimethyltryptamine,True,True,,1
1102,dmt,dimethyltryptamine,False,False,True,,2
1103,"n,n-dimethyltryptamine",dimethyltryptamine,False,False,True,,2
1104,tryptamine,dimethyltryptamine,False,False,False,,-1
1105,dmt,dimethyltryptamine,False,False,True,,2
1106,dmts,dimethyltryptamine,False,False,True, pill,5
1107,dmt,dimethyltryptamine,False,False,True,,2
1108,dimethyltrptamine,dimethyltryptamine,dimethyltryptamine,True,True, pill,1
1109,dmt,dimethyltryptamine,False,False,True,,2
1110,dimethylproprion,dimethyltryptamine,False,False,False,,-1
1111,dimethyltryptophan,dimethyltryptamine,False,False,True,,2
1112,dmt,dimethyltryptamine,False,False,True,,2
1113,"n,n-dimethyltryptamine",dimethyltryptamine,False,False,True,,2
1114,dimethyltyptamine,dimethyltryptamine,False,False,True,,2
1115,tryptamine,dimethyltryptamine,False,False,False,,-1
1116,dimethyltrpytamine,dimethyltryptamine,False,False,True,,1
1117,dimethylindole,dimethyltryptamine,False,False,False,,-1
1118,dimethyltryptoline,dimethyltryptamine,False,False,False,,-1
1119,dimethyltyptamine,dimethyltryptamine,False,False,True,,2
1120,"n,n-dimethyltryptamine",dimethyltryptamine,False,False,True,,2
1121,dmt,dimethyltryptamine,False,False,True,,2
1122,tryptamine,dimethyltryptamine,False,False,False,,-1
1123,tryptamine,dimethyltryptamine,False,False,False,,-1
1124,tryptophan,dimethyltryptamine,d-tryptophan,False,False,,-1
1125,dmt,dimethyltryptamine,False,False,True,,2
1126,dmt,dimethyltryptamine,False,False,True,,2
1127,dimethyl-tryptamine,dimethyltryptamine,False,False,True,,1
1128,dmt,dimethyltryptamine,False,False,True,,2
1129,dimethyltryptamine,dimethyltryptamine,dimethyltryptamine,True,True,,1
1130,"n,n-dimethyltryptamine",dimethyltryptamine,False,False,True,,2
1131,tryptamine,dimethyltryptamine,False,False,False,,-1
1132,dimethyltryptamines,dimethyltryptamine,dimethyltryptamine,True,True,,6
1133,dimethyl_tryptamine,dimethyltryptamine,False,False,True,,2
1134,dmt,dimethyltryptamine,False,False,True,,2
1135,dimethyl-tryptamine,dimethyltryptamine,False,False,True,,1
1136,methyl-tryptamine,dimethyltryptamine,False,False,False,,-1
1137,dimethylphenethylamine,dimethyltryptamine,False,False,False,,-1
1138,tryptamines,dimethyltryptamine,False,False,True,,10
1139,dmt,dimethyltryptamine,False,False,True,,2
1140,dmt,dimethyltryptamine,False,False,True,,2
1141,dmpt,dimethyltryptamine,False,False,False,,-1
1142,dimethyltryptophan,dimethyltryptamine,False,False,True,,2
1143,tryptamine,dimethyltryptamine,False,False,False,,-1
1144,dimethyl_tryptamine,dimethyltryptamine,False,False,True,,2
1145,dimethyltryptophan,dimethyltryptamine,False,False,True,,2
1146,dimethyl_terephthalate,dimethyltryptamine,False,False,True, pill,2
1147,"n,n-dimethyltryptamine",dimethyltryptamine,False,False,True,,2
1148,dmt,dimethyltryptamine,False,False,True,,2
1149,"n,n-dimethyltryptamine",dimethyltryptamine,False,False,True,,2
1150,dimethyl-tryptamine,dimethyltryptamine,False,False,True,,1
1151,"n,n-dimethyltryptamine",dimethyltryptamine,False,False,True,,2
1152,dimethyltrptamine,dimethyltryptamine,dimethyltryptamine,True,True, pill,1
1153,"n,n-dimethyltryptamine",dimethyltryptamine,False,False,True,,2
1154,dimethyl-tryptamine,dimethyltryptamine,False,False,True,,1
1155,dimethyltrpamine,dimethyltryptamine,False,False,False,,-1
1156,dmt,dimethyltryptamine,False,False,True,,2
1157,dmt,dimethyltryptamine,False,False,True,,2
1158,"n,n-dimethyltryptamine",dimethyltryptamine,False,False,True,,2
1159,dmt,dimethyltryptamine,False,False,True,,2
1160,tryptamine,dimethyltryptamine,False,False,False,,-1
1161,dmt,dimethyltryptamine,False,False,True,,2
1162,"n,n-dimethyltryptamine",dimethyltryptamine,False,False,True,,2
1163,dmt,dimethyltryptamine,False,False,True,,2
1164,dimethyltryptan,dimethyltryptamine,False,False,True, pill,8
1165,dimethyltonine,dimethyltryptamine,False,False,False,,-1
1166,methylserotonin,dimethyltryptamine,False,False,False,,-1
1167,tryptamine,dimethyltryptamine,False,False,False,,-1
1168,dimethyltryptomines,dimethyltryptamine,False,False,True,,1
1169,dimethyltryptans,dimethyltryptamine,False,False,False,,-1
1170,dimethyltrypta,dimethyltryptamine,False,False,False,,-1
1171,dimethyltryptine,dimethyltryptamine,False,False,False,,-1
1172,dimethylthryptamine,dimethyltryptamine,False,False,False,,-1
1173,dimethyltrptamine,dimethyltryptamine,dimethyltryptamine,True,True, pill,1
1174,dimethyl_tryptamine,dimethyltryptamine,False,False,True,,2
1175,dimethyltryptamine_hydrochloride,dimethyltryptamine,False,True,True,,1
1176,dimethyltryptamine,dimethyltryptamine,dimethyltryptamine,True,True,,1
1177,d-methyltryptamine,dimethyltryptamine,False,False,True, drug,5
1178,dmt,dimethyltryptamine,False,False,True,,2
1179,"n,n-dimethyltryptamine",dimethyltryptamine,False,False,True,,2
1180,tryptamine,dimethyltryptamine,False,False,False,,-1
1181,tryptamine,dimethyltryptamine,False,False,False,,-1
1182,dimethyltryptamine,dimethyltryptamine,dimethyltryptamine,True,True,,1
1183,dimethyltriptamine,dimethyltryptamine,dimethyltryptamine,True,True, pill,2
1184,dmt,dimethyltryptamine,False,False,True,,2
1185,"n,n-dimethyltryptamine",dimethyltryptamine,False,False,True,,2
1186,tryptamine,dimethyltryptamine,False,False,False,,-1
1187,tryptamine,dimethyltryptamine,False,False,False,,-1
1188,tryptamine,dimethyltryptamine,False,False,False,,-1
1189,tryptamine-n-oxide,dimethyltryptamine,False,False,False,,-1
1190,bufotenin,dimethyltryptamine,bufotenine,False,False,,-1
1191,dmt,dimethyltryptamine,False,False,True,,2
1192,dmt,dimethyltryptamine,False,False,True,,2
1193,dimethyltryptamene,dimethyltryptamine,False,False,False,,-1
1194,dimethyltryptanine,dimethyltryptamine,False,False,False,,-1
1195,tryptamine,dimethyltryptamine,False,False,False,,-1
1196,dimethyl-tryptamine,dimethyltryptamine,False,False,True,,1
1197,dmta,dimethyltryptamine,False,False,False,,-1
1198,tryptamine,dimethyltryptamine,False,False,False,,-1
1199,dimethytryptamines,dimethyltryptamine,False,False,True, slang,6
1200,dmt,dimethyltryptamine,False,False,True,,2
1201,dmt,dimethyltryptamine,False,False,True,,2
1202,"n,n-dimethyltryptamine",dimethyltryptamine,False,False,True,,2
1203,dimethyl-tryptamine,dimethyltryptamine,False,False,True,,1
1204,"n,n-dimethyltryptamine",dimethyltryptamine,False,False,True,,2
1205,tryptamine,dimethyltryptamine,False,False,False,,-1
1206,tryptamine,dimethyltryptamine,False,False,False,,-1
1207,dmt,dimethyltryptamine,False,False,True,,2
1208,tryptamine,dimethyltryptamine,False,False,False,,-1
1209,tryptamine,dimethyltryptamine,False,False,False,,-1
1210,tryptamine,dimethyltryptamine,False,False,False,,-1
1211,dimethyltrpamine,dimethyltryptamine,False,False,False,,-1
1212,dimethyl_trip,dimethyltryptamine,False,False,True,,2
1213,dmt,dimethyltryptamine,False,False,True,,2
1214,dmt,dimethyltryptamine,False,False,True,,2
1215,"n,n-dimethyltryptamine",dimethyltryptamine,False,False,True,,2
1216,dimethyl_tryptamine,dimethyltryptamine,False,False,True,,2
1217,dmt,dimethyltryptamine,False,False,True,,2
1218,tryptamines,dimethyltryptamine,False,False,True,,10
1219,tryptomine,dimethyltryptamine,False,False,False,,-1
1220,tryptamine,dimethyltryptamine,False,False,False,,-1
1221,tryptamine,dimethyltryptamine,False,False,False,,-1
1222,tryptophan,dimethyltryptamine,d-tryptophan,False,False,,-1
1223,dimethyl-5-ht,dimethyltryptamine,False,False,False,,-1
1224,dmt,dimethyltryptamine,False,False,True,,2
1225,tryptamines,dimethyltryptamine,False,False,True,,10
1226,dmt,dimethyltryptamine,False,False,True,,2
1227,dimethyltrpamine,dimethyltryptamine,False,False,False,,-1
1228,tryptamine,dimethyltryptamine,False,False,False,,-1
1229,dimethyltryptophan,dimethyltryptamine,False,False,True,,2
1230,dimethyl_tryptamine,dimethyltryptamine,False,False,True,,2
1231,tryptamine,dimethyltryptamine,False,False,False,,-1
1232,dimethyltrptamine,dimethyltryptamine,dimethyltryptamine,True,True, pill,1
1233,dimethytryptamines,dimethyltryptamine,False,False,True, slang,6
1234,dmt,dimethyltryptamine,False,False,True,,2
1235,dmts,dimethyltryptamine,False,False,True, pill,5
1236,dimethyltryptophan,dimethyltryptamine,False,False,True,,2
1237,tryptamine,dimethyltryptamine,False,False,False,,-1
1238,dimmers,dimethyltryptamine,False,False,False,,-1
1239,dmt,dimethyltryptamine,False,False,True,,2
1240,dimethyl-tryptamine,dimethyltryptamine,False,False,True,,1
1241,dmt,dimethyltryptamine,False,False,True,,2
1242,dimethyl-tryptamine,dimethyltryptamine,False,False,True,,1
1243,dimethyltrypt_amine,dimethyltryptamine,False,False,True,,4
1244,dimethyltryptamine,dimethyltryptamine,dimethyltryptamine,True,True,,1
1245,dimethyltryptamine,dimethyltryptamine,dimethyltryptamine,True,True,,1
1246,dimethyl_tryptophan,dimethyltryptamine,False,False,False,,-1
1247,tryptamine,dimethyltryptamine,False,False,False,,-1
1248,dmt,dimethyltryptamine,False,False,True,,2
1249,dmta,dimethyltryptamine,False,False,False,,-1
1250,tryptamines,dimethyltryptamine,False,False,True,,10
1251,tryptamine,dimethyltryptamine,False,False,False,,-1
1252,tryptamine,dimethyltryptamine,False,False,False,,-1
1253,dihydroergotamine,dimethyltryptamine,dihydroergotamine,False,False,,-1
1254,tryptamine,dimethyltryptamine,False,False,False,,-1
1255,dimethyl_tryptamine,dimethyltryptamine,False,False,True,,2
1256,dmt,dimethyltryptamine,False,False,True,,2
1257,"n,n-dimethyltryptamine",dimethyltryptamine,False,False,True,,2
1258,tryptamine,dimethyltryptamine,False,False,False,,-1
1259,tryptamine,dimethyltryptamine,False,False,False,,-1
1260,tryptamines,dimethyltryptamine,False,False,True,,10
1261,tryptamine,dimethyltryptamine,False,False,False,,-1
1262,tryptamine_hydrochloride,dimethyltryptamine,False,False,False,,-1
1263,tryptamine_sulfate,dimethyltryptamine,False,False,False,,-1
1264,tryptophan,dimethyltryptamine,d-tryptophan,False,False,,-1
1265,"n,n-dimethyltryptamine",dimethyltryptamine,False,False,True,,2
1266,tryptamine,dimethyltryptamine,False,False,False,,-1
1267,dimethyltryptamine_hydrochloride,dimethyltryptamine,False,True,True,,1
1268,dimethyl_tryptamine,dimethyltryptamine,False,False,True,,2
1269,dimethyletryptamine,dimethyltryptamine,False,False,False,,-1
1270,dimitri,dimethyltryptamine,False,False,True, pill,1
1271,tryptamines,dimethyltryptamine,False,False,True,,10
1272,dimethyltryptamines,dimethyltryptamine,dimethyltryptamine,True,True,,6
1273,dimethyltyramine,dimethyltryptamine,False,False,False,,-1
1274,dmt,dimethyltryptamine,False,False,True,,2
1275,dimethyltrptamine,dimethyltryptamine,dimethyltryptamine,True,True, pill,1
1276,dimethyltryptamine_hydrochloride,dimethyltryptamine,False,True,True,,1
1277,dmt,dimethyltryptamine,False,False,True,,2
1278,dmt,dimethyltryptamine,False,False,True,,2
1279,dimethyl-tryptamine,dimethyltryptamine,False,False,True,,1
1280,tryptamine,dimethyltryptamine,False,False,False,,-1
1281,trimethyltryptamine,dimethyltryptamine,False,False,False,,-1
1282,dmt,dimethyltryptamine,False,False,True,,2
1283,dimethyltryptaminum,dimethyltryptamine,False,False,False,,-1
1284,dmt,dimethyltryptamine,False,False,True,,2
1285,"n,n-dimethyltryptamine",dimethyltryptamine,False,False,True,,2
1286,dimetryltryptamine,dimethyltryptamine,False,False,False,,-1
1287,dimethylthryptamine,dimethyltryptamine,False,False,False,,-1
1288,dimethyltryptophan,dimethyltryptamine,False,False,True,,2
1289,dmste,dimethyltryptamine,False,False,False,,-1
1290,tryptamine,dimethyltryptamine,False,False,False,,-1
1291,dmt,dimethyltryptamine,False,False,True,,2
1292,"n,n-dimethyltryptamine",dimethyltryptamine,False,False,True,,2
1293,dimethyltryptophane,dimethyltryptamine,False,False,True, pill,8
1294,"n,n-dimethyltryptamine",dimethyltryptamine,False,False,True,,2
1295,dimethyltryptimine,dimethyltryptamine,False,False,False,,-1
1296,dimethyl-tryptamine,dimethyltryptamine,False,False,True,,1
1297,dimetiltriptamine,dimethyltryptamine,False,False,True,,6
1298,tryptamines,dimethyltryptamine,False,False,True,,10
1299,"n,n-dimethyltryptamine",dimethyltryptamine,False,False,True,,2
1300,dmt,dimethyltryptamine,False,False,True,,2
1301,dimethylsulfone,dimethyltryptamine,dimethyl_sulfone,False,False,,-1
1302,tryptamine,dimethyltryptamine,False,False,False,,-1
1303,dimethyltrptamine,dimethyltryptamine,dimethyltryptamine,True,True, pill,1
1304,dimethyltryptaamine,dimethyltryptamine,False,False,False,,-1
1305,dimethyl_tryptamine,dimethyltryptamine,False,False,True,,2
1306,dmt,dimethyltryptamine,False,False,True,,2
1307,"n,n-dimethyltryptamine",dimethyltryptamine,False,False,True,,2
1308,dimethyltryptamine_hydrochloride,dimethyltryptamine,False,True,True,,1
1309,dimethyl-tryptamine,dimethyltryptamine,False,False,True,,1
1310,tryptamine,dimethyltryptamine,False,False,False,,-1
1311,dmt,dimethyltryptamine,False,False,True,,2
1312,dimethyltryptophan,dimethyltryptamine,False,False,True,,2
1313,tryptamine,dimethyltryptamine,False,False,False,,-1
1314,dmt,dimethyltryptamine,False,False,True,,2
1315,"n,n-dimethyltryptamine",dimethyltryptamine,False,False,True,,2
1316,dimethyltryptin,dimethyltryptamine,False,False,False,,-1
1317,dimethylindole,dimethyltryptamine,False,False,False,,-1
1318,dimethyltryptophan,dimethyltryptamine,False,False,True,,2
1319,dimethyl-tryptamine,dimethyltryptamine,False,False,True,,1
1320,tryptamine,dimethyltryptamine,False,False,False,,-1
1321,dimethyl_tryptamine,dimethyltryptamine,False,False,True,,2
1322,dimethyltryptine,dimethyltryptamine,False,False,False,,-1
1323,dimethyl-tryptamine,dimethyltryptamine,False,False,True,,1
1324,dmt,dimethyltryptamine,False,False,True,,2
1325,dimethyl-tryptamine,dimethyltryptamine,False,False,True,,1
1326,dmt,dimethyltryptamine,False,False,True,,2
1327,dmt,dimethyltryptamine,False,False,True,,2
1328,dmt,dimethyltryptamine,False,False,True,,2
1329,dimethyltryptamine,dimethyltryptamine,dimethyltryptamine,True,True,,1
1330,"n,n-dimethyl-5-hydroxytryptamine",dimethyltryptamine,False,False,False,,-1
1331,dmt,dimethyltryptamine,False,False,True,,2
1332,"n,n-dimethyl-tryptamine",dimethyltryptamine,False,False,True, pill,9
1333,dmt,dimethyltryptamine,False,False,True,,2
1334,dimethylthryptamine,dimethyltryptamine,False,False,False,,-1
1335,dimethyltryptophan,dimethyltryptamine,False,False,True,,2
1336,dimethylserotonin,dimethyltryptamine,dimethyltryptamine,True,False,,-1
1337,dimethylthiamin,dimethyltryptamine,False,False,False,,-1
1338,dimethyl_tryptamine,dimethyltryptamine,False,False,True,,2
1339,dimethyl-tryptamine,dimethyltryptamine,False,False,True,,1
1340,"n,n-dimethyl-tryptamine",dimethyltryptamine,False,False,True, pill,9
1341,dimethyl_tryptamine,dimethyltryptamine,False,False,True,,2
1342,dmt,dimethyltryptamine,False,False,True,,2
1343,dmt,dimethyltryptamine,False,False,True,,2
1344,dimethyl-tryptamine,dimethyltryptamine,False,False,True,,1
1345,dmt,dimethyltryptamine,False,False,True,,2
1346,dimethyltryptamine,dimethyltryptamine,dimethyltryptamine,True,True,,1
1347,dimethyltrp,dimethyltryptamine,False,False,False,,-1
1348,dimethyl-tryptamine,dimethyltryptamine,False,False,True,,1
1349,dimethylthryptamine,dimethyltryptamine,False,False,False,,-1
1350,dimethyltrpamine,dimethyltryptamine,False,False,False,,-1
1351,dmt,dimethyltryptamine,False,False,True,,2
1352,dmts,dimethyltryptamine,False,False,True, pill,5
1353,dimethyltryamine,dimethyltryptamine,False,False,False,,-1
1354,dimethyl_tractamine,dimethyltryptamine,False,False,False,,-1
1355,tryptamine,dimethyltryptamine,False,False,False,,-1
1356,tryptomine,dimethyltryptamine,False,False,False,,-1
1357,"n,n-dimethyltryptamine",dimethyltryptamine,False,False,True,,2
1358,dmt,dimethyltryptamine,False,False,True,,2
1359,tryptamines,dimethyltryptamine,False,False,True,,10
1360,tryptamine,dimethyltryptamine,False,False,False,,-1
1361,tryptophan,dimethyltryptamine,d-tryptophan,False,False,,-1
1362,dimethyl_tryptamine,dimethyltryptamine,False,False,True,,2
1363,dimethyl-tryptamine,dimethyltryptamine,False,False,True,,1
1364,dmt,dimethyltryptamine,False,False,True,,2
1365,dmt,dimethyltryptamine,False,False,True,,2
1366,dmt,dimethyltryptamine,False,False,True,,2
1367,tryptamine,dimethyltryptamine,False,False,False,,-1
1368,tryptamine,dimethyltryptamine,False,False,False,,-1
1369,dimethyltryptophan,dimethyltryptamine,False,False,True,,2
1370,serotonin-n-dimethyltrptamine,dimethyltryptamine,False,False,True, pill,9
1371,serotonin,dimethyltryptamine,serotonin,False,True,,6
1372,dimethyltryptamine_hydrochloride,dimethyltryptamine,False,True,True,,1
1373,dimethyl-tryptamine,dimethyltryptamine,False,False,True,,1
1374,dimethyltyptamine,dimethyltryptamine,False,False,True,,2
1375,dimethylgyroline,dimethyltryptamine,False,False,False,,-1
1376,dimethyl-5-hydroxytryptamine,dimethyltryptamine,False,False,False,,-1
1377,dimethyl-5-methoxytryptamine,dimethyltryptamine,False,False,False,,-1
1378,tryptamine,dimethyltryptamine,False,False,False,,-1
1379,dmt,dimethyltryptamine,False,False,True,,2
1380,dimetyltryptamine,dimethyltryptamine,False,False,True,,2
1381,tryptamine,dimethyltryptamine,False,False,False,,-1
1382,dmt_(dimethyltryptamine),dimethyltryptamine,False,False,True,,4
1383,dmts_(dimethyltryptamines),dimethyltryptamine,False,False,True,,4
1384,dmt,dimethyltryptamine,False,False,True,,2
1385,dimethyltryptamines,dimethyltryptamine,dimethyltryptamine,True,True,,6
1386,dimethylthiamine,dimethyltryptamine,False,False,False,,-1
1387,dimethyltryptamine,dimethyltryptamine,dimethyltryptamine,True,True,,1
1388,tryptamines,dimethyltryptamine,False,False,True,,10
1389,tryptamines,dimethyltryptamine,False,False,True,,10
1390,tryptamine,dimethyltryptamine,False,False,False,,-1
1391,dmt,dimethyltryptamine,False,False,True,,2
1392,"n,n-dimethyltryptamine",dimethyltryptamine,False,False,True,,2
1393,dimethyltryptamene,dimethyltryptamine,False,False,False,,-1
1394,dimethyl-tryptamine,dimethyltryptamine,False,False,True,,1
1395,tryptamine,dimethyltryptamine,False,False,False,,-1
1396,dimethyltryptophan,dimethyltryptamine,False,False,True,,2
1397,dimethyl-tryptamine,dimethyltryptamine,False,False,True,,1
1398,tryptamine,dimethyltryptamine,False,False,False,,-1
1399,tryptamine,dimethyltryptamine,False,False,False,,-1
1400,serotonin,dimethyltryptamine,serotonin,False,True,,6
1401,dimethyl-tryptamine,dimethyltryptamine,False,False,True,,1
1402,dmt,dimethyltryptamine,False,False,True,,2
1403,dmt,dimethyltryptamine,False,False,True,,2
1404,"n,n-dimethyltryptamine",dimethyltryptamine,False,False,True,,2
1405,"n,n-dimethyltryptamine",dimethyltryptamine,False,False,True,,2
1406,dmt,dimethyltryptamine,False,False,True,,2
1407,dimethyltyptamine,dimethyltryptamine,False,False,True,,2
1408,dimethylthryptamine,dimethyltryptamine,False,False,False,,-1
1409,dmt,dimethyltryptamine,False,False,True,,2
1410,"n,n-dimethyltryptamine",dimethyltryptamine,False,False,True,,2
1411,dimethyltrpytamine,dimethyltryptamine,False,False,True,,1
1412,dmt,dimethyltryptamine,False,False,True,,2
1413,"n,n-dimethyltryptamine",dimethyltryptamine,False,False,True,,2
1414,methylserotonin,dimethyltryptamine,False,False,False,,-1
1415,tryptamine,dimethyltryptamine,False,False,False,,-1
1416,tryptamine,dimethyltryptamine,False,False,False,,-1
1417,dimethyltryptomines,dimethyltryptamine,False,False,True,,1
1418,"n,n-dimethyltryptamine",dimethyltryptamine,False,False,True,,2
1419,dmt,dimethyltryptamine,False,False,True,,2
1420,dimethyltryptamine,dimethyltryptamine,dimethyltryptamine,True,True,,1
1421,dmt,dimethyltryptamine,False,False,True,,2
1422,dmt,dimethyltryptamine,False,False,True,,2
1423,"n,n-dimethyltryptamine",dimethyltryptamine,False,False,True,,2
1424,dimethyltryptamine_hydrochloride,dimethyltryptamine,False,True,True,,1
1425,dmt,dimethyltryptamine,False,False,True,,2
1426,dimethyltryptophan,dimethyltryptamine,False,False,True,,2
1427,tryptamine,dimethyltryptamine,False,False,False,,-1
1428,dimethylthiamin,dimethyltryptamine,False,False,False,,-1
1429,dimethylthiazide,dimethyltryptamine,False,False,False,,-1
1430,dimethyltryptamine,dimethyltryptamine,dimethyltryptamine,True,True,,1
1431,dimethytryptamines,dimethyltryptamine,False,False,True, slang,6
1432,diemethylthryptamine,dimethyltryptamine,False,False,False,,-1
1433,dmt,dimethyltryptamine,False,False,True,,2
1434,endogenously_produced_psychedelic_tryptamine,dimethyltryptamine,False,False,True,,5
1435,tryptamine_derivative,dimethyltryptamine,False,False,True, pill,10
1436,dmt,dimethyltryptamine,False,False,True,,2
1437,dimethyltryptamin,dimethyltryptamine,dimethyltryptamine,True,True, pill,2
1438,dimethyltryptamine_hydrochloride,dimethyltryptamine,False,True,True,,1
1439,dimethyl-tryptamine,dimethyltryptamine,False,False,True,,1
1440,d-methyltryptamine,dimethyltryptamine,False,False,True, drug,5
1441,tryptamine_dimethyl_ether,dimethyltryptamine,False,False,False,,-1
1442,"n,n-dimethyltryptamine",dimethyltryptamine,False,False,True,,2
1443,dmt,dimethyltryptamine,False,False,True,,2
1444,dimyltryptamine,dimethyltryptamine,False,False,False,,-1
1445,dmt,dimethyltryptamine,False,False,True,,2
1446,"n,n-dimethyltryptamine",dimethyltryptamine,False,False,True,,2
1447,dmt,dimethyltryptamine,False,False,True,,2
1448,dmt,dimethyltryptamine,False,False,True,,2
1449,"n,n-dimethyl-tryptamine",dimethyltryptamine,False,False,True, pill,9
1450,"n,n-dimethyl_tryptamine",dimethyltryptamine,False,False,True, pill,9
1451,tryptamine,dimethyltryptamine,False,False,False,,-1
1452,dimethyl-tryptamine,dimethyltryptamine,False,False,True,,1
1453,"n,n-dimethyltryptamine",dimethyltryptamine,False,False,True,,2
1454,dimethyltryptamine,dimethyltryptamine,dimethyltryptamine,True,True,,1
1455,dmt,dimethyltryptamine,False,False,True,,2
1456,dimethyltryptamine,dimethyltryptamine,dimethyltryptamine,True,True,,1
1457,dimethyltryptamine,dimethyltryptamine,dimethyltryptamine,True,True,,1
1458,parties,dimethyltryptamine,False,False,False,,-1
1459,dmt,dimethyltryptamine,False,False,True,,2
1460,dimethyltrpamine,dimethyltryptamine,False,False,False,,-1
1461,tryptamine,dimethyltryptamine,False,False,False,,-1
1462,methyltryptamine,dimethyltryptamine,diethyltryptamine,False,False,,-1
1463,dimethyl_tryptamine,dimethyltryptamine,False,False,True,,2
1464,dmt,dimethyltryptamine,False,False,True,,2
1465,dimethyltriptamines,dimethyltryptamine,False,False,True, pill,5
1466,dmt,dimethyltryptamine,False,False,True,,2
1467,"n,n-dimethyltryptamine",dimethyltryptamine,False,False,True,,2
1468,dmt,dimethyltryptamine,False,False,True,,2
1469,tryptamine,dimethyltryptamine,False,False,False,,-1
1470,myristicin,dimethyltryptamine,False,False,False,,-1
1471,tryptamine,dimethyltryptamine,False,False,False,,-1
1472,tryptamine_hydrochloride,dimethyltryptamine,False,False,False,,-1
1473,tryptamine,dimethyltryptamine,False,False,False,,-1
1474,dimethylthryptamine,dimethyltryptamine,False,False,False,,-1
1475,tryptamine,dimethyltryptamine,False,False,False,,-1
1476,dmt,dimethyltryptamine,False,False,True,,2
1477,dmts,dimethyltryptamine,False,False,True, pill,5
1478,dmt,dimethyltryptamine,False,False,True,,2
1479,dimethyltryptomine,dimethyltryptamine,dimethyltryptamine,True,True,,6
1480,dimethyltryptamine_hydrochloride,dimethyltryptamine,False,True,True,,1
1481,dimethyl-tryptamine,dimethyltryptamine,False,False,True,,1
1482,dimethyltryptamine,dimethyltryptamine,dimethyltryptamine,True,True,,1
1483,dmt,dimethyltryptamine,False,False,True,,2
1484,dmt,dimethyltryptamine,False,False,True,,2
1485,"n,n-dimethyltryptamine",dimethyltryptamine,False,False,True,,2
1486,dimethyltryptamine_hydrochloride,dimethyltryptamine,False,True,True,,1
1487,"n,n-dimethyltryptamine",dimethyltryptamine,False,False,True,,2
1488,dmt,dimethyltryptamine,False,False,True,,2
1489,dmta,dimethyltryptamine,False,False,False,,-1
1490,dmts,dimethyltryptamine,False,False,True, pill,5
1491,"n,n-dimethyltryptamine",dimethyltryptamine,False,False,True,,2
1492,dmt,dimethyltryptamine,False,False,True,,2
1493,dimethyltryptophan,dimethyltryptamine,False,False,True,,2
1494,"n,n-dimethyltryptamine",dimethyltryptamine,False,False,True,,2
1495,dmt,dimethyltryptamine,False,False,True,,2
1496,dimethyltryptophan,dimethyltryptamine,False,False,True,,2
1497,dimethyltryptophans,dimethyltryptamine,False,False,True, pill,8
1498,tryptamines,dimethyltryptamine,False,False,True,,10
1499,dimethyltriptamine,dimethyltryptamine,dimethyltryptamine,True,True, pill,2
1500,dmt,dimethyltryptamine,False,False,True,,2
1501,"n,n-dimethyltryptamine",dimethyltryptamine,False,False,True,,2
1502,dimethyl-tryptamine,dimethyltryptamine,False,False,True,,1
1503,dimethyltrptamines,dimethyltryptamine,False,False,False,,-1
1504,dmt,dimethyltryptamine,False,False,True,,2
1505,"n,n-dimethyltryptamine",dimethyltryptamine,False,False,True,,2
1506,tryptamine,dimethyltryptamine,False,False,False,,-1
1507,dimethyl_tryptamine,dimethyltryptamine,False,False,True,,2
1508,dimethylium_tryptamine,dimethyltryptamine,False,False,False,,-1
1509,dimethyltryptophan,dimethyltryptamine,False,False,True,,2
1510,tryptamine,dimethyltryptamine,False,False,False,,-1
1511,dimethyltryptomine,dimethyltryptamine,dimethyltryptamine,True,True,,6
1512,dimethyltrpamine,dimethyltryptamine,False,False,False,,-1
1513,tryptamine,dimethyltryptamine,False,False,False,,-1
1514,dmt,dimethyltryptamine,False,False,True,,2
1515,dmt,dimethyltryptamine,False,False,True,,2
1516,dmt,dimethyltryptamine,False,False,True,,2
1517,dimethyltryptamine,dimethyltryptamine,dimethyltryptamine,True,True,,1
1518,dmt,dimethyltryptamine,False,False,True,,2
1519,"n,n-dimethyltryptamine",dimethyltryptamine,False,False,True,,2
1520,tryptamine,dimethyltryptamine,False,False,False,,-1
1521,dimethyl_tryptamine,dimethyltryptamine,False,False,True,,2
1522,dimethyl-tryptamine,dimethyltryptamine,False,False,True,,1
1523,"n,n-dimethyltryptamine",dimethyltryptamine,False,False,True,,2
1524,dimethyl-l-tryptamine,dimethyltryptamine,False,False,True, drug,6
1525,3-(2-dimethylaminoethyl)_indole,dimethyltryptamine,False,False,True,,1
1526,dmt,dimethyltryptamine,False,False,True,,2
1527,dimethyltryptamine,dimethyltryptamine,dimethyltryptamine,True,True,,1
1528,dmt,dimethyltryptamine,False,False,True,,2
1529,"n,n-dimethyltryptamine",dimethyltryptamine,False,False,True,,2
1530,dmt,dimethyltryptamine,False,False,True,,2
1531,dimethyl_tryptamine,dimethyltryptamine,False,False,True,,2
1532,dmt,dimethyltryptamine,False,False,True,,2
1533,dmt,dimethyltryptamine,False,False,True,,2
1534,dimetyltryptamine,dimethyltryptamine,False,False,True,,2
1535,dimethytryptamine,dimethyltryptamine,dimethyltryptamine,True,True, pill,1
1536,dimethyl-tryptamine,dimethyltryptamine,False,False,True,,1
1537,tryptamine,dimethyltryptamine,False,False,False,,-1
1538,tryptamine,dimethyltryptamine,False,False,False,,-1
1539,dmt,dimethyltryptamine,False,False,True,,2
1540,dimethyl-tryptamine,dimethyltryptamine,False,False,True,,1
1541,tryptamine,dimethyltryptamine,False,False,False,,-1
1542,tryptamines,dimethyltryptamine,False,False,True,,10
1543,"n,n-dimethyltryptamine",dimethyltryptamine,False,False,True,,2
1544,dmt,dimethyltryptamine,False,False,True,,2
1545,dimethyl-tryptamine,dimethyltryptamine,False,False,True,,1
1546,dimethylthryptamine,dimethyltryptamine,False,False,False,,-1
1547,dmt,dimethyltryptamine,False,False,True,,2
1548,"n,n-dimethyltryptamine",dimethyltryptamine,False,False,True,,2
1549,dimethyltryptanoate,dimethyltryptamine,False,False,False,,-1
1550,dimethyltryptophane,dimethyltryptamine,False,False,True, pill,8
1551,dmt,dimethyltryptamine,False,False,True,,2
1552,"n,n-dimethyltryptamine",dimethyltryptamine,False,False,True,,2
1553,dimethyltrpamine,dimethyltryptamine,False,False,False,,-1
1554,dimethyl_tryptamine,dimethyltryptamine,False,False,True,,2
1555,demethyltrptamine,dimethyltryptamine,False,False,False,,-1
1556,dimethyl_tryptamine,dimethyltryptamine,False,False,True,,2
1557,dimethyltryptophan,dimethyltryptamine,False,False,True,,2
1558,dimethyltryptamine_hydrochloride,dimethyltryptamine,False,True,True,,1
1559,dmt,dimethyltryptamine,False,False,True,,2
1560,dimethylthryptamine,dimethyltryptamine,False,False,False,,-1
1561,dimethyl-tryptamine,dimethyltryptamine,False,False,True,,1
1562,dmt,dimethyltryptamine,False,False,True,,2
1563,tryptamine,dimethyltryptamine,False,False,False,,-1
1564,dimethylpound,dimethyltryptamine,False,False,False,,-1
1565,dimethyldrug,dimethyltryptamine,False,False,False,,-1
1566,dimethyl_tryptamine,dimethyltryptamine,False,False,True,,2
1567,dimethyl-tryptamine,dimethyltryptamine,False,False,True,,1
1568,"n,n-dimethyl-tryptamine",dimethyltryptamine,False,False,True, pill,9
1569,dimethytryptamine,dimethyltryptamine,dimethyltryptamine,True,True, pill,1
1570,dimethylnorharmane,dimethyltryptamine,False,False,False,,-1
1571,alpha-methyltryptamine,dimethyltryptamine,alpha-methyltryptamine,False,False,,-1
1572,dmt,dimethyltryptamine,False,False,True,,2
1573,dmt,dimethyltryptamine,False,False,True,,2
1574,dimethytryptamines,dimethyltryptamine,False,False,True, slang,6
1575,dimethylglyoxime,dimethyltryptamine,False,False,False,,-1
1576,tryptamine,dimethyltryptamine,False,False,False,,-1
1577,dmt,dimethyltryptamine,False,False,True,,2
1578,dimethyltryptamine,dimethyltryptamine,dimethyltryptamine,True,True,,1
1579,dmt,dimethyltryptamine,False,False,True,,2
1580,dimethyl-tryptamine,dimethyltryptamine,False,False,True,,1
1581,dimethyl-tryptamine,dimethyltryptamine,False,False,True,,1
1582,artemprozepine,dimethyltryptamine,False,False,False,,-1
1583,tryptamine,dimethyltryptamine,False,False,False,,-1
1584,dimethyltryptophane,dimethyltryptamine,False,False,True, pill,8
1585,dimethylanilines,dimethyltryptamine,False,False,False,,-1
1586,diethyltryptamines,dimethyltryptamine,False,False,True, slang,2
1587,tryptamines,dimethyltryptamine,False,False,True,,10
1588,tryptamines,dimethyltryptamine,False,False,True,,10
1589,dimethylnaphthylmethane,dimethyltryptamine,False,False,False,,-1
1590,dimethylnoradrenaline,dimethyltryptamine,False,False,False,,-1
1591,dmt,dimethyltryptamine,False,False,True,,2
1592,dimethyltryptamine_hydrochloride,dimethyltryptamine,False,True,True,,1
1593,dmt,dimethyltryptamine,False,False,True,,2
1594,dmt,dimethyltryptamine,False,False,True,,2
1595,dimethyltryptophan,dimethyltryptamine,False,False,True,,2
1596,tryptamine,dimethyltryptamine,False,False,False,,-1
1597,tryptamine,dimethyltryptamine,False,False,False,,-1
1598,dmt,dimethyltryptamine,False,False,True,,2
1599,dmt,dimethyltryptamine,False,False,True,,2
1600,dimethyl_tryptamines,dimethyltryptamine,False,False,True,,7
1601,tryptamines,dimethyltryptamine,False,False,True,,10
1602,dmt,dimethyltryptamine,False,False,True,,2
1603,dmts,dimethyltryptamine,False,False,True, pill,5
1604,dimethyl-tryptamine,dimethyltryptamine,False,False,True,,1
1605,dimethyl_tryptamine,dimethyltryptamine,False,False,True,,2
1606,dmtp,dimethyltryptamine,False,False,False,,-1
1607,dmt,dimethyltryptamine,False,False,True,,2
1608,dimethyl-tryptamine,dimethyltryptamine,False,False,True,,1
1609,tryptamine,dimethyltryptamine,False,False,False,,-1
1610,dimethyl_tryptamine,dimethyltryptamine,False,False,True,,2
1611,dmt,dimethyltryptamine,False,False,True,,2
1612,dmt,dimethyltryptamine,False,False,True,,2
1613,dmt,dimethyltryptamine,False,False,True,,2
1614,dmt,dimethyltryptamine,False,False,True,,2
1615,"n,n-dimethyltryptamine",dimethyltryptamine,False,False,True,,2
1616,dimethyl-beta-carbolino,dimethyltryptamine,False,False,False,,-1
1617,dimethylthryptamine,dimethyltryptamine,False,False,False,,-1
1618,trimethyltryptamine,dimethyltryptamine,False,False,False,,-1
1619,dimethyltryptamine,dimethyltryptamine,dimethyltryptamine,True,True,,1
1620,2-(3-methoxyphenyl)-1-(2-methoxyphenyl)ethanone,dimethyltryptamine,False,False,False,,-1
1621,3-(2-methoxyphenyl)-2-(3-methoxyphenyl)propan-1-ol,dimethyltryptamine,False,False,False,,-1
1622,dmt,dimethyltryptamine,False,False,True,,2
1623,dmts,dimethyltryptamine,False,False,True, pill,5
1624,tryptamine,dimethyltryptamine,False,False,False,,-1
1625,tryptamine_n-oxide,dimethyltryptamine,False,False,False,,-1
1626,tryptamine,dimethyltryptamine,False,False,False,,-1
1627,dimethyltryptamine,dimethyltryptamine,dimethyltryptamine,True,True,,1
1628,tryptamine,dimethyltryptamine,False,False,False,,-1
1629,dimethyl-tryptamine,dimethyltryptamine,False,False,True,,1
1630,"n,n-dimethyl-tryptamine",dimethyltryptamine,False,False,True, pill,9
1631,tryptamine,dimethyltryptamine,False,False,False,,-1
1632,tryptamine,dimethyltryptamine,False,False,False,,-1
1633,dimethyltryptamin,dimethyltryptamine,dimethyltryptamine,True,True, pill,2
1634,dimethyl-tryptamine,dimethyltryptamine,False,False,True,,1
1635,monomethylhydrastinine,dimethyltryptamine,False,False,False,,-1
1636,dimethyl_tryptamine,dimethyltryptamine,False,False,True,,2
1637,mtr,dimethyltryptamine,False,False,False,,-1
1638,tryptamine,dimethyltryptamine,False,False,False,,-1
1639,tryptamines,dimethyltryptamine,False,False,True,,10
